Matricula,VIN,Año,Fabricante,Modelo,Categoria,DNI_Propietario
1304 BDR,KNABRNRUUYSBCTCV5,2000,Kia,Rio,urbanos,22102404-W
C-7512-QP,SJN51FRV6M3656WS7,1991,Nissan,Micra,urbanos,90051367-L
6180 DSC,WAU76LWGN53J5NLS0,2005,Audi,A3,compacto,90051367-L
3161 BBJ,TMBUCA137YLEPNMD8,2000,Skoda,Fabia,urbanos,95490965-W
VI-2534-KZ,VSSU50EUAM1EKHXUG,1991,SEAT,Toledo,berlina,95490965-W
P-9926-UN,VF1AG324FSKDBL7RU,1995,Renault,Laguna,berlina,24673842-V
CS-5359-BV,ZFAH61EJYL8TT845G,1990,Fiat,Panda,urbanos,24673842-V
4817 GHT,WF00CT4RU8UG68UYY,2008,Ford,Fiesta,deportivo,24673842-V
7984 MLH,ZFAWFS4HPPV573B9J,2023,Fiat,500,deportivo,29332214-S
9544 FJD,W0LMMMBMR6TYHDB42,2006,Opel,Corsa,urbanos,29332214-S
4640 FSJ,W0L172FHL7CNXBSCC,2007,Opel,Astra,deportivo,29332214-S
2103 LTP,JMZLHVFXSM7GSTRGG,2021,Mazda,CX-3,SUV,35256138-J
4685 CVR,VF10UM6854R5PY41V,2004,Renault,Mégane,deportivo,75173153-E
TE-8632-JY,SB1LDCGFKTR67YLYF,1996,Toyota,Corolla,sedán,75173153-E
S-3073-GA,W0LW7MHU7PG7GBJK2,1993,Opel,Astra,compacto,12491323-T
4927 MFG,JMBCSZ012PW7NGUXR,2023,Mitsubishi,ASX,SUV,12491323-T
5293 LXD,ZFATU0Y3JNZDSYFFZ,2022,Fiat,Tipo,compacto,12491323-T
4191 MFZ,JMZLNU4LSPHDSA05V,2023,Mazda,CX-3,SUV,83917547-T
7127 KJV,YV1Z0UUD9JX33JZB0,2018,Volvo,XC40,SUV,83917547-T
3625 LMX,TMA6AR4MDMBBXA93J,2021,Hyundai,i20,urbanos,78472507-A
H-4721-HT,WAUXHCE01WSCL2GBP,1998,Audi,A4,berlina,78472507-A
2088 MNC,UU1ZDLLGXRTDC7HEG,2024,Dacia,Duster,SUV,78472507-A
P-4851-WH,WVWW60V4BTNAS31LE,1996,Volkswagen,Passat,berlina,16819698-M
PM-1088-AM,ZFA23D86WXNG1FR82,1999,Fiat,Panda,urbanos,16819698-M
3052 KLN,W0LB1EMMVJ6U6EJ23,2018,Opel,Astra,compacto,58624633-W
ZA-2931-RW,WVW1BUL98PW66JXY1,1993,Volkswagen,Passat,berlina,57632746-J
6009 GFY,VF3L0JFBT8LZRWTF9,2008,Peugeot,308,compacto,99670755-W
T-3107-PL,WAUXA9TPVTZ1BKTWL,1996,Audi,A4,berlina,99670755-W
3178 CLD,WVWH82WWG3V8V8X38,2003,Volkswagen,Passat,berlina,84528572-F
1699 LYZ,JMZ87KU3KNP42TLB9,2022,Mazda,Mazda 3,deportivo,84528572-F
9967 HPN,ZFALCS3LZDEZE158P,2013,Fiat,Panda,urbanos,72606847-X
6917 HTK,SJNJDZWWPDRHCR6E7,2013,Nissan,Qashqai,SUV,72606847-X
GI-2980-MR,WF0J6N1J3XMM14CX0,1999,Ford,Focus,descapotable,72606847-X
6685 GMN,WAUGYXUPD9NPSHG17,2009,Audi,Q5,SUV,80370269-N
8863 LNN,KNA0JP4Y5MP4ETVZT,2021,Kia,Rio,urbanos,80370269-N
3406 JZP,SJN69JY01HTE2K4PM,2017,Nissan,X-Trail,todoterreno,58106757-V
GC-3060-DU,YV1ZR753XVYK9GP9W,1997,Volvo,V40,compacto,41462273-N
7570 FTP,ZFA5HDE4D7UFVGG0B,2007,Fiat,500,urbanos,27793753-R
7110 LKV,W0LGCSA5KLA7RH4TU,2020,Opel,Insignia,berlina,27793753-R
MA-9508-LK,SB1K4ZX0VTFEUF72E,1996,Toyota,RAV4,todoterreno,27793753-R
4671 HWY,WAUGBPE5HEAF3PT67,2014,Audi,A4,sedán,35144987-K
GR-6462-FK,WDBBYE6GNXFHZPK8J,1999,Mercedes-Benz,Clase C,cupé,35144987-K
4842 GPJ,TMB7DCZ7B9ZDAE276,2009,Skoda,Octavia,berlina,35144987-K
7569 MJB,W0LH5FRUFPCWA4LGR,2023,Opel,Mokka,SUV,14454536-W
5006 LHG,SJNSY85GCLVJJL9JG,2020,Nissan,Qashqai,SUV,14454536-W
SS-2692-KX,VSSG5UKP5P43JF4U3,1993,SEAT,Ibiza,urbanos,17911720-X
7557 LFY,VF7S8RSNHLAR74BM3,2020,Citroën,C4,deportivo,17911720-X
7034 JVH,VF1N7DXLTGZ4J2FEE,2016,Renault,Mégane,berlina,17911720-X
2844 LSG,KNA91NY75MPRGKHP7,2021,Kia,Stonic,SUV,45251331-G
1026 CKB,VF154TX133CX69C70,2003,Renault,Mégane,deportivo,45251331-G
J-5118-PS,W0LBLU6VGSGFG6F5L,1995,Opel,Corsa,deportivo,40402732-N
6001 MDF,SB1TUE329N4W4SMWU,2022,Toyota,Corolla,compacto,40402732-N
LE-7626-QF,WF0NP6T1SLNRP22CR,1990,Ford,Fiesta,urbanos,39286378-D
CU-7021-UY,WBA7XJAXUW0B62PAW,1998,BMW,Serie 3,berlina,39286378-D
CU-8450-CS,SJNSNCFHYNNAUEVTM,1992,Nissan,Micra,urbanos,99204645-X
5745 LLJ,TMBCDEMWPLM8YNHRJ,2020,Skoda,Octavia,berlina,99204645-X
9221 BBJ,VF1JURGSKYPV28U4D,2000,Renault,Clio,urbanos,99204645-X
5766 KLN,VSSWBDDXVJL5Z4GW5,2018,SEAT,Arona,SUV,34814370-Y
C-3313-FH,WBA5A2ND4SXEK47VZ,1995,BMW,Serie 3,deportivo,34814370-Y
2042 MFZ,WVWCSNV31PRYUWE21,2023,Volkswagen,Passat,sedán,34814370-Y
6598 KXR,YV1B02AVNKCLFE7XC,2019,Volvo,XC40,SUV,73880732-V
8121 MVL,JMZA7YGR4RLB4VP63,2024,Mazda,Mazda 3,compacto,66500383-T
B-8703-LW,WBARNYCJ4TMG15AL4,1996,BMW,Serie 3,cupé,66500383-T
8705 LXD,JMBY79NYTN3TFJ12F,2022,Mitsubishi,Outlander,SUV,17576065-V
6482 JBL,VF7W7UKGCESZZ6JZB,2014,Citroën,Berlingo,monovolumen,64098594-D
GC-6011-AI,WVWM7RUM9NRZJYMKR,1992,Volkswagen,Polo,deportivo,64098594-D
7917 LNN,UU17JG3YFM3LM81KG,2021,Dacia,Lodgy,urbanos,96680090-G
4624 JSL,ZFA5632HSGN1PDSWR,2016,Fiat,Tipo,compacto,96680090-G
3179 CTT,SB1645T1V4PWNKGCL,2004,Toyota,RAV4,todoterreno,96680090-G
H-2509-IR,SB1ES33NMXZA8JSC2,1999,Toyota,Corolla,compacto,36691238-M
9252 DXZ,YV19AAU8S6VAMBKM1,2006,Volvo,XC90,todoterreno,84133192-C
8401 JVZ,WDBVR8FN8GDMV33ML,2016,Mercedes-Benz,GLC,SUV,45993542-M
MA-4397-ZF,VF1V2Z30HPAS908ZG,1993,Renault,Clio,urbanos,45993542-M
7909 LCY,WF0C29APXKNM75GKE,2019,Ford,Fiesta,deportivo,45993542-M
2790 LYZ,VF7T0GD27NKGPRZYD,2022,Citroën,Berlingo,monovolumen,74712449-P
TF-9122-PN,SJNZNLEU2WR20LDUK,1998,Nissan,Micra,urbanos,74712449-P
2136 CRV,W0LY7V6XK4CCMF2H5,2004,Opel,Corsa,urbanos,77750319-S
4329 HWM,KNAR5TGVWESLTMU9F,2014,Kia,Sportage,SUV,71523516-W
3312 JMF,WAUZTAGFGGJB7BHPW,2016,Audi,Q3,SUV,19593930-T
9572 LML,SJNEMSCDRME3UY5HX,2021,Nissan,X-Trail,todoterreno,19593930-T
3204 JBY,JMBGRN2MCEGVXT42T,2014,Mitsubishi,Outlander,SUV,19593930-T
3854 DCH,TMANVP0R540CHMMXW,2004,Hyundai,Tucson,SUV,74922635-C
4124 LMX,VF156PV73MD2EU7RT,2021,Renault,Mégane,compacto,74922635-C
5638 CMM,JMZFHHHTV3502TVBP,2003,Mazda,Mazda 3,deportivo,74922635-C
V-8844-HO,W0LFA14Z3LWCHRK73,1990,Opel,Corsa,urbanos,24478839-P
3378 FYY,W0LYDAWCU7K4XUKFG,2007,Opel,Astra,deportivo,45787566-V
2595 GVM,KNAMDBY6UA01PWZ25,2010,Kia,Rio,urbanos,53719790-R
6648 LKV,ZFAH6X60ZLZPRPS39,2020,Fiat,Tipo,berlina,71062611-V
Z-5289-UM,VF1RCDXPFMH0V1CGV,1991,Renault,Clio,urbanos,71062611-V
5448 MWD,VSSEWBEYXRSLYTSUW,2024,SEAT,Ateca,SUV,91409055-V
SO-8071-BE,SB14EH330T0H2LH4R,1996,Toyota,RAV4,SUV,91409055-V
7141 GMN,WVWND7AEA9VUYM3R3,2009,Volkswagen,Golf,compacto,91409055-V
CA-9434-BO,WDBLNA6JJP6E8L407,1993,Mercedes-Benz,Clase C,deportivo,24724436-B
GR-1519-DP,SB10SMC2ZSW83F2UW,1995,Toyota,RAV4,todoterreno,20013329-V
3976 GPW,WF06FNH4Z9X1K1PJH,2009,Ford,Kuga,SUV,59886461-G
1067 KRZ,TMBJJAKHKJND62FXK,2018,Skoda,Karoq,SUV,59886461-G
4418 JGR,YV1RPM9F2FXU7AL5K,2015,Volvo,XC60,SUV,59886461-G
8276 MCR,WF0W1J47CN6RYLWZK,2022,Ford,Fiesta,deportivo,72220385-V
TE-8907-IN,SB119LGG2S57EGRC2,1995,Toyota,RAV4,SUV,72220385-V
6526 HWY,W0LPJS1KMEZ8L15FP,2014,Opel,Mokka,SUV,72220385-V
8475 HML,WVWV51CDECFU7EDKP,2012,Volkswagen,Polo,deportivo,75464824-F
1051 JFG,TMAZ72ZA4FN93LDA8,2015,Hyundai,i20,urbanos,99438087-W
4374 CNK,WBAA6GM5G3BAFHZ0R,2003,BMW,Serie 3,descapotable,99438087-W
7871 CNK,JMZ5DD5FE3SC00DLC,2003,Mazda,Mazda 3,compacto,99438087-W
3550 LFY,WAU4LRDC6LCZW645Y,2020,Audi,A1,urbanos,65793170-Z
CU-3305-XW,SJNA8DEL3W9G93HB6,1998,Nissan,Micra,deportivo,65793170-Z
7382 LHG,UU1B4296WLTJPNXRS,2020,Dacia,Duster,SUV,63011232-H
7344 FGF,VSSKJRYH2662L0DXX,2006,SEAT,León,deportivo,63011232-H
3853 LVD,TMASVYF9PMCA70PHN,2021,Hyundai,Tucson,SUV,63011232-H
6254 HKL,JMZK0XSUDCU4SZLLY,2012,Mazda,Mazda 2,urbanos,53234115-V
9958 FCJ,VF1ZTRPVL6LKG701X,2006,Renault,Laguna,berlina,30037247-Y
6326 DSC,SJNFPX69V50E3ZYN8,2005,Nissan,Micra,deportivo,30037247-Y
3048 GXP,WAUG96LXPA9S532X8,2010,Audi,A4,sedán,81614416-C
LE-6998-YZ,WBA9VCGP2P6XGB1SS,1993,BMW,Serie 3,descapotable,81614416-C
6191 GLC,SB1NX6SDK9CDFYF4W,2009,Toyota,Auris,sedán,81614416-C
SO-9033-YY,W0LAXYPUENN3XD51R,1992,Opel,Corsa,deportivo,45768605-P
CS-5589-ZA,W0LV5UZY0NTDF208A,1992,Opel,Astra,deportivo,21980989-G
6257 LMC,WF0PSMF5ZLSCPZL6H,2020,Ford,Fiesta,urbanos,21980989-G
4082 GKH,ZFAL2N20L8R23960U,2008,Fiat,Panda,urbanos,21980989-G
5398 DYY,KNAZKSWHV6JTBVCD3,2006,Kia,Ceed,compacto,42947679-D
5295 BDR,VF7KA6Z16YKEPU956,2000,Citroën,Berlingo,monovolumen,21402649-E
8750 CLD,KNAF8AMX63JKX9X2N,2003,Kia,Rio,urbanos,21402649-E
3803 DHZ,KNA12DGZ75ABE57WZ,2005,Kia,Sportage,SUV,21402649-E
2781 KJV,JMZFNL2F9J1G6Z57U,2018,Mazda,CX-5,SUV,87850791-Z
7555 KHG,YV1FSFBDRJZULAACL,2018,Volvo,XC90,todoterreno,89913021-H
1447 JBY,UU106WPU4EG5LBA43,2014,Dacia,Duster,SUV,89913021-H
7600 LXS,TMB70BNELNLZ18JBH,2022,Skoda,Karoq,SUV,44080252-Q
4553 LLJ,VSS9GAHC5LYL3UXGK,2020,SEAT,León,compacto,44080252-Q
4743 CDC,JMB94AKDM21UKCLVK,2002,Mitsubishi,Outlander,todoterreno,44080252-Q
1072 LFY,TMAKGH024LBJMPKT3,2020,Hyundai,i20,urbanos,60179788-N
ML-8179-ZN,WVWNVZPDWVJRTKAWU,1997,Volkswagen,Golf,deportivo,60179788-N
3384 JHT,WDB6C32D4F2HU01K8,2015,Mercedes-Benz,Clase C,deportivo,77653283-Q
BI-7643-XL,WBARLPP94MZ78ACJR,1991,BMW,Serie 3,deportivo,31396795-R
Z-6389-FO,WVW3NULC6NVXD04RE,1992,Volkswagen,Polo,urbanos,51714982-B
9474 HZZ,WVWZF2LCHE07RJSX9,2014,Volkswagen,Golf,compacto,51714982-B
8865 HML,SJN38VUCGCKDGUWR5,2012,Nissan,Micra,urbanos,51714982-B
4881 HNC,JMBRVJSXNC1CF7AXF,2012,Mitsubishi,Outlander,todoterreno,89301060-H
CO-1098-OM,SJNJDH3EJNKJ832BA,1992,Nissan,Micra,deportivo,89301060-H
4637 JLN,YV16XWDG9GJ0WDNZW,2016,Volvo,V40,compacto,76874625-T
9437 CLD,JMZJ8ZYBM3H9X01XZ,2003,Mazda,Mazda 2,urbanos,76874625-T
9302 HLW,SB1688YZSCNRTA3DU,2012,Toyota,RAV4,todoterreno,76874625-T
8890 NDG,TMA555SDZSZSLGDBH,2025,Hyundai,i20,urbanos,59517491-T
8182 HMT,TMAK47396C6Y1YJ32,2012,Hyundai,Tucson,SUV,59517491-T
MU-7871-CY,VSSRVVDXRVY1LP6T6,1997,SEAT,Ibiza,urbanos,36940436-K
VI-5849-KB,WDBCX8S44WMBZJUES,1998,Mercedes-Benz,Clase C,descapotable,36940436-K
4684 GYX,YV19US3HXA9WFHALC,2010,Volvo,XC90,todoterreno,86041196-J
6644 JPK,VF3UM9AF6G9PJ9V10,2016,Peugeot,5008,SUV,86041196-J
2577 JJH,WAUA52YUGFLAVFU9R,2015,Audi,Q3,SUV,86041196-J
CO-1318-RX,TMB0BZD2UTW6J5V5G,1996,Skoda,Octavia,berlina,49704391-B
3432 JRZ,JMZ45GLWAG30AJ3ST,2016,Mazda,CX-3,SUV,49704391-B
5166 CTT,WDB0MZNJ24HZKUJAT,2004,Mercedes-Benz,Clase A,deportivo,49704391-B
MA-8500-YX,SJNWCFH72RSZMXUSV,1994,Nissan,Micra,urbanos,20657927-V
6869 CKB,WDB26W1M73RVL4W3H,2003,Mercedes-Benz,Clase A,deportivo,73536975-H
1957 FZR,SB1JYNDUL883DTNJT,2008,Toyota,Auris,sedán,73536975-H
2412 HVN,KNA08DALWECHPRT39,2014,Kia,Ceed,compacto,73536975-H
NA-7727-TI,VF15G1NPGNB01HME5,1992,Renault,Clio,urbanos,45321778-W
TF-1067-GH,SB1KA39CZTJCKZA4S,1996,Toyota,Corolla,compacto,45321778-W
6347 HTV,SB1RAVB63D1ZS14UN,2013,Toyota,Corolla,compacto,98134931-A
8158 FTP,VF1CP3BA37BCFJCBV,2007,Renault,Clio,urbanos,98134931-A
3478 KKR,TMBDPWX3GJVC3C7SC,2018,Skoda,Octavia,berlina,22073004-L
SS-7250-SN,WVWKSUK6ARUE4437B,1994,Volkswagen,Polo,deportivo,22073004-L
2347 MVL,VF1RZAMELRUBZBAYV,2024,Renault,Captur,SUV,22073004-L
3682 CPF,VSSBMPMJ13AWCPRFR,2003,SEAT,León,compacto,63304753-J
4801 KBM,YV14FUYAGHYJP57C5,2017,Volvo,XC90,SUV,63304753-J
HU-1057-PA,W0LSPJBBYN5X479DW,1992,Opel,Corsa,urbanos,15438812-Q
1015 MGN,JMB2A29XFP8NM0MUU,2023,Mitsubishi,ASX,SUV,15438812-Q
ML-4182-TT,SB1TMGWFJM8H29VRH,1991,Toyota,Corolla,compacto,81563188-J
GC-8403-HO,SJNK6UXHWLV6LL9VE,1990,Nissan,Micra,urbanos,32800246-S
4571 KVB,WDBSTHLWLKF0P1T2D,2019,Mercedes-Benz,Clase A,deportivo,32800246-S
2290 NGB,WF0685X28S4TYEYK2,2025,Ford,Fiesta,deportivo,32800246-S
ZA-5472-KP,YV1TV93P0T857KEFR,1996,Volvo,V40,compacto,59125146-N
7610 GFY,WVW47A7WY88HSZ1SE,2008,Volkswagen,Passat,sedán,59125146-N
CE-5891-NE,W0LFM42RDMKLU4WAC,1991,Opel,Astra,compacto,59125146-N
3217 DBJ,WF0D5WU6P4J7LU674,2004,Ford,Focus,deportivo,77307954-D
6693 FNZ,WAU4WH7CH7YRXBD32,2007,Audi,A4,sedán,22703795-N
6254 LWR,WAU01YSCPNEX97XJR,2022,Audi,A1,urbanos,22703795-N
8086 KZK,W0LJXBDD0K9MRWUE5,2019,Opel,Corsa,urbanos,22703795-N
4700 LWD,JMZT9HHL4NB6S8Z5G,2022,Mazda,CX-3,SUV,78446294-X
CC-9118-PA,W0LSH4019P2UKMS72,1993,Opel,Astra,deportivo,15887897-A
8337 FDP,WBALTG5LS61Z8P9SF,2006,BMW,Serie 3,cupé,15887897-A
9410 JLN,ZFAUM3J75G33CLCAG,2016,Fiat,Panda,urbanos,15887897-A
4706 JMY,SB1LTUASYGNSCYB7E,2016,Toyota,Auris,compacto,47561940-X
6073 LTD,TMA7CKKKYM7336UY1,2021,Hyundai,i10,urbanos,47561940-X
4556 JFX,VF3MR1R5JFDSPDWE6,2015,Peugeot,5008,SUV,47561940-X
SA-9973-HN,VSSLL4985MR40SW9V,1991,SEAT,Ibiza,deportivo,90709036-A
O-3169-XI,WVWFT2VJNP42ABS3S,1993,Volkswagen,Passat,berlina,90709036-A
1914 KCH,W0LVS3C7LHCF93N2X,2017,Opel,Astra,compacto,66781071-L
Z-2551-RZ,WBAKAULHJS55D6UNT,1995,BMW,Serie 3,deportivo,61022077-H
A-8795-BC,ZFA2LXYPSN2SBT8RG,1992,Fiat,Panda,urbanos,61022077-H
BU-9636-QU,SB1WSD0WCNXYGJY23,1992,Toyota,Corolla,sedán,47021160-Y
V-9411-AF,VSS34WUH3TJK06TZR,1996,SEAT,Toledo,berlina,39050207-W
AB-8407-UC,TMBHZTBJ1VEWJZ4JJ,1997,Skoda,Octavia,berlina,39050207-W
6158 MWV,WBAJJFSLGR83A7ADR,2024,BMW,Serie 3,cupé,14805619-J
9261 MJR,VSSZV74X1P4PJNCGX,2023,SEAT,León,deportivo,14805619-J
GU-3875-GD,ZFAPMZTZYST3E4JBH,1995,Fiat,Panda,urbanos,14743252-E
5185 LSR,WBA1GKJKUM9BGGVTZ,2021,BMW,Serie 1,compacto,14134887-F
MU-2610-BT,WBA3B7ZD1NSZ4T2E9,1992,BMW,Serie 3,berlina,14134887-F
3632 KSS,TMBV47KS7JWGWN9G5,2018,Skoda,Octavia,compacto,14134887-F
4234 MFG,VSSZDDMUGPKW01FYS,2023,SEAT,León,compacto,77595751-F
9647 DFZ,SB1X1UNWP54E0TTN2,2005,Toyota,Corolla,sedán,77595751-F
8620 BMW,KNA38YU891LL2R830,2001,Kia,Rio,urbanos,77595751-F
2597 HLW,SJNF2DJGRCPU976ZG,2012,Nissan,Micra,urbanos,29590942-Q
5634 MFG,WBAAF3F91P1ALEEKW,2023,BMW,Serie 1,compacto,13915582-F
8771 MCR,VSSN4JGLZNWJMDHH2,2022,SEAT,León,deportivo,13915582-F
CU-7735-FL,SB1LPAR77XCH483P9,1999,Toyota,RAV4,todoterreno,13915582-F
8278 DXZ,WAUW4PSCS6EB8GNE1,2006,Audi,A3,descapotable,78736576-D
3335 DCH,VF76SU7ZB4ZBZ4L3V,2004,Citroën,C3,urbanos,78736576-D
4649 DSC,WF0K4SWA9582S4N32,2005,Ford,Focus,berlina,99202872-P
2075 HRK,SJNU4ZASTDWB2V2RZ,2013,Nissan,Qashqai,SUV,99202872-P
BU-1277-RD,WVW6EWAGYL2YGM8EF,1990,Volkswagen,Passat,sedán,99202872-P
6902 HZZ,UU1FE8GP6E8MGA72G,2014,Dacia,Duster,SUV,55065382-R
2458 BTF,TMBXTLW382HGB6675,2002,Skoda,Fabia,urbanos,40233401-F
M-1042-TP,ZFAU5PHU7N26TJPK7,1992,Fiat,Panda,urbanos,97225227-H
CR-3303-YK,WVWMDSF1KRLRGWLFB,1994,Volkswagen,Passat,berlina,97225227-H
5323 KSS,WF06A3FCZJUAN7JHB,2018,Ford,Kuga,todoterreno,97225227-H
9735 KMM,TMA6W9H5NJFB2EWE6,2018,Hyundai,i30,compacto,56157701-G
6082 NFC,ZFAJM7FGNS8ZYV5GE,2025,Fiat,Panda,urbanos,41343141-C
2836 FSJ,SB1UTD0N17KAJJLC3,2007,Toyota,Auris,sedán,69653586-H
2846 KTJ,VSSLVVDTHK3NWMAB9,2019,SEAT,León,berlina,57065465-G
7707 BRB,VF15T3AYS12P52WFP,2001,Renault,Mégane,deportivo,94980750-L
9713 BLC,WDBUNSHXV1XLUNF95,2001,Mercedes-Benz,Clase C,deportivo,94980750-L
AB-7233-DC,VF7VPX8LDXHEZARX9,1999,Citroën,Berlingo,monovolumen,94980750-L
6110 CRV,WBAJ4ZDW94J7TY71D,2004,BMW,Serie 3,deportivo,32379436-J
4431 HNK,YV132EVLHCKR26ZCA,2012,Volvo,XC60,SUV,32379436-J
5183 LXD,TMB98PG3KNJ84DX4H,2022,Skoda,Octavia,berlina,35580122-L
7574 JVH,SJND98EFUGL5TR4ML,2016,Nissan,Qashqai,SUV,35580122-L
SS-2652-VL,SJNS82B1PRJH5GDMN,1994,Nissan,Micra,deportivo,47569547-G
3345 HCB,VF7B66RS6BB5SJB0H,2011,Citroën,C3,urbanos,47569547-G
1910 LYZ,VF3NZ6L9LNPF0BYS0,2022,Peugeot,308,compacto,47569547-G
3416 DVW,SB12F2YBC6K6S2FW3,2006,Toyota,Auris,compacto,60299384-P
4503 KZK,VSSKM4RZ5KPT713AY,2019,SEAT,Toledo,sedán,77465669-J
2600 BMF,WVW0TTCEE1J42JZW2,2001,Volkswagen,Golf,deportivo,77465669-J
1125 KLN,VF7NKT8ZRJWJWUU22,2018,Citroën,Berlingo,todoterreno,77465669-J
3808 HSR,UU1VZJKN1DXPM178Z,2013,Dacia,Lodgy,urbanos,35537804-K
SO-3191-UP,TMB78RAS5WJ22MHRH,1998,Skoda,Octavia,berlina,69347841-N
SE-6678-DY,VSSUX3GY9LGY48GM4,1990,SEAT,Ibiza,urbanos,82615871-D
1133 JZP,VF7Y5ETDWHKL7XXUB,2017,Citroën,C3,urbanos,64360553-K
AB-4782-NL,WF0PV8YC9P5S1XZX2,1993,Ford,Mondeo,berlina,85010230-E
8452 DDG,YV1XZHZ2L4TZKDX2B,2004,Volvo,V40,compacto,85010230-E
AL-9407-VW,SB1PK5NUBMN2TUXPW,1991,Toyota,Corolla,compacto,92165578-R
VI-8396-GJ,SJNE3RM1WV07M2LKY,1997,Nissan,Micra,urbanos,92165578-R
SG-3324-ZN,SB1RNX80LRZD3SS0M,1994,Toyota,Corolla,sedán,92165578-R
1410 LGH,YV1DJ6ZFWLAC5FUX2,2020,Volvo,XC40,SUV,96500528-A
6518 KVB,YV1W1BK24KPV4E0YL,2019,Volvo,XC60,SUV,96500528-A
J-1016-KC,W0L4R6P3UPFMV15D2,1993,Opel,Corsa,urbanos,22621467-R
2082 GZJ,VF1V3VKYXAPLYL216,2010,Renault,Mégane,deportivo,22621467-R
C-7231-FX,WVWHNN2MMSP3SSK0Z,1995,Volkswagen,Polo,deportivo,12945260-D
3998 LTD,WVWJ6L5KHMYF917LN,2021,Volkswagen,Golf,compacto,12945260-D
5724 MHG,ZFA1FJCY3PDXMMMF6,2023,Fiat,Panda,urbanos,12945260-D
H-2248-LF,W0LJMA309XJTWEU32,1999,Opel,Astra,compacto,19958824-E
2424 CWR,WVW8NDNCN4PCS5HCT,2004,Volkswagen,Polo,urbanos,19958824-E
6392 CDC,WVW4YY0FU2GE1ZZ6N,2002,Volkswagen,Polo,urbanos,19958824-E
9493 BTF,SB1ER2VYM23KDNYNA,2002,Toyota,Yaris,urbanos,32009528-Z
MU-4325-JP,WVW63ZWFEXYX28HNT,1999,Volkswagen,Polo,deportivo,32009528-Z
9481 JMF,VSS3B42X1G1DYKHS9,2016,SEAT,Toledo,berlina,32009528-Z
2227 MYW,SB1RJ50Z9SVNGFE6U,2025,Toyota,RAV4,SUV,85248789-W
3783 MYW,JMZLWKLWVST6M0ML8,2025,Mazda,CX-3,SUV,30790319-N
1054 LHG,TMBSA8PZRL85MWSDR,2020,Skoda,Kodiaq,SUV,30790319-N
1424 GNF,VF7HD5K8A94G8F91B,2009,Citroën,Berlingo,monovolumen,30790319-N
8904 BWT,JMBJMSGA12E5XE86M,2002,Mitsubishi,Outlander,todoterreno,98877517-B
2652 GYD,SB1XTDN3TADXDFG71,2010,Toyota,RAV4,todoterreno,98877517-B
4195 NCJ,SJNWY7P38SS8TMWW3,2025,Nissan,X-Trail,todoterreno,98877517-B
2258 LKV,WVWLBHALXL0GHKRP7,2020,Volkswagen,Golf,descapotable,79739204-K
2888 CFM,VF1A8EJSN3GX8F293,2003,Renault,Clio,urbanos,79739204-K
8745 HMD,WF0CWKRMDCMEZW7H3,2012,Ford,Mondeo,sedán,82675035-V
CE-2667-JH,WVWNMBSFDP3Y5NN4J,1993,Volkswagen,Polo,urbanos,77559391-X
M-7453-TQ,VSSGST6TNRKC0BWCW,1994,SEAT,Toledo,berlina,77559391-X
9696 LCG,VF11AXWKUKDN3BX3A,2019,Renault,Clio,deportivo,50858066-Y
Z-8336-XD,VF1PA2B8LRZLP5RNB,1994,Renault,Clio,urbanos,62736014-H
2851 JBL,WBA0C9166E3D66SHW,2014,BMW,Serie 3,descapotable,62736014-H
9807 MYF,YV1NVBT0KSPUYMH97,2025,Volvo,XC60,SUV,74645620-V
3404 HWM,SJN5C81NNETLD2E68,2014,Nissan,X-Trail,SUV,38516290-F
1003 CVR,VSSRWV1S24J65MZFY,2004,SEAT,León,compacto,15403154-P
8459 MVL,JMBL2U6G5RCBGDEPV,2024,Mitsubishi,Eclipse Cross,SUV,69175105-Y
3136 GTC,WAU2P95FHA6MTR7PF,2010,Audi,A4,berlina,69175105-Y
C-6819-FJ,WVW2V17CMSMWG0B8T,1995,Volkswagen,Passat,berlina,69175105-Y
3877 DWT,VF73EPVYW6ZSSDM42,2006,Citroën,C3,urbanos,90598780-D
6439 KBM,SJNWVP6TBHK19UHF7,2017,Nissan,X-Trail,todoterreno,60032470-D
PM-8087-KG,WF0RW1GZAML3VBVCY,1991,Ford,Fiesta,deportivo,60032470-D
MU-2246-UK,ZFA1DMF8EPRURHTDF,1993,Fiat,Panda,urbanos,60032470-D
4711 JFX,SJNS4KTP1F6AH8YTZ,2015,Nissan,X-Trail,SUV,99953815-R
5001 JTR,JMZBUBD7VGYTFWX1M,2016,Mazda,CX-3,SUV,99953815-R
1647 LFY,WAUCSPMXDL48SSLAK,2020,Audi,A3,compacto,99953815-R
5948 HJC,SJNS2PWHVCGNCZECU,2012,Nissan,X-Trail,SUV,99072509-D
7612 BVW,WF09JC7PL2KRLSGUA,2002,Ford,Fiesta,deportivo,99072509-D
9918 JBY,SB132Y127EA8A249G,2014,Toyota,RAV4,todoterreno,69350846-G
6015 DPK,ZFAD90W2L595Z3G2N,2005,Fiat,Panda,urbanos,69350846-G
3352 HJC,WDB9LFZ04C4K0PNUE,2012,Mercedes-Benz,Clase A,deportivo,84975839-Q
1850 MZS,WVW6GT3TBSR340N1P,2025,Volkswagen,Tiguan,SUV,16237174-W
6875 MLY,UU1SUXLWZPB3A744N,2023,Dacia,Sandero,urbanos,49779617-G
SA-5457-BM,W0LS042R4S1MT43CV,1995,Opel,Corsa,urbanos,49779617-G
7580 KBM,JMBBE3NVPHW7TJG3V,2017,Mitsubishi,Outlander,SUV,97794981-Q
B-3740-VP,ZFADYJ0HMNNGNLUJP,1992,Fiat,Panda,urbanos,97794981-Q
5009 LDR,YV1K08CLLKU2JLES7,2019,Volvo,V40,compacto,97794981-Q
SA-8497-GX,SJNVPXACTLYA8NFNH,1990,Nissan,Micra,urbanos,21888134-T
8598 CSS,WVWGH9ZSD4USKM3K1,2004,Volkswagen,Golf,descapotable,21888134-T
7538 GNF,WBACEMTMJ9VUVGUYP,2009,BMW,Serie 3,descapotable,99527122-G
7253 CRV,WDBDK903J44GJVF6E,2004,Mercedes-Benz,Clase A,deportivo,99527122-G
8538 HVZ,ZFAUSYEGYEDGZYKC1,2014,Fiat,Panda,urbanos,99527122-G
BA-7959-AE,WBABU39RSNPB60890,1992,BMW,Serie 3,deportivo,36423736-Q
7507 GSR,TMAZU1C459YJYM0XK,2009,Hyundai,i10,urbanos,36423736-Q
9809 KVX,VF3WKDGNUK639A1WG,2019,Peugeot,308,deportivo,36423736-Q
9143 BMW,VF18S7XF11G0DVSVG,2001,Renault,Laguna,berlina,68298341-W
2579 FCJ,WVWWYGELH6ZPAA2BH,2006,Volkswagen,Passat,berlina,45258769-J
9863 MBN,WF0Y7RA7JNLALVBDT,2022,Ford,Mondeo,berlina,45258769-J
6002 DFZ,VF7FMYFB95MB3UNYR,2005,Citroën,Berlingo,monovolumen,92080530-F
3874 JJW,TMBBRU29KFZWMU156,2015,Skoda,Octavia,berlina,49536088-E
P-3107-KF,WAU8MU36PW89SG6W0,1998,Audi,A4,berlina,49536088-E
CR-7664-OE,SJNYSUA3EMDNGHCD0,1991,Nissan,Micra,urbanos,47008863-Z
GU-8871-CN,W0LCXAGXZV06GPDL5,1997,Opel,Corsa,deportivo,47008863-Z
6986 GWV,UU1DCP50ZAAV6P3T0,2010,Dacia,Sandero,urbanos,47008863-Z
7696 FNZ,UU139Z2VD715AY6M5,2007,Dacia,Sandero,urbanos,40891823-P
6042 LWD,KNAV83T4VNWBKD2HB,2022,Kia,Ceed,deportivo,40891823-P
1689 KCH,WF0JA428FHBGDN8H8,2017,Ford,Fiesta,deportivo,63931070-V
CC-2738-ZF,KNAU8AH5VWCJD5XCP,1998,Kia,Sportage,SUV,63931070-V
SG-9824-VH,WDBE12ZGNRND2KRGE,1994,Mercedes-Benz,Clase C,berlina,63931070-V
PO-8660-ZJ,WF06TVVLVLK1TFWR6,1990,Ford,Fiesta,deportivo,31796783-L
ZA-7449-GU,VF189SJHMWUK0YK84,1998,Renault,Clio,deportivo,31796783-L
LU-6520-OR,VF1E6L0BBV9USEUU3,1997,Renault,Mégane,berlina,31796783-L
1545 KCV,JMZE76REFHKBPUR5Z,2017,Mazda,CX-3,SUV,93661492-H
1251 JMY,YV1M6A1HDGLLL878H,2016,Volvo,V40,compacto,93661492-H
CS-6988-PK,SJNCHCMXST4B8SYNR,1996,Nissan,Micra,urbanos,93661492-H
AL-5494-JX,VSSBEC8D8SELFC8Y2,1995,SEAT,Toledo,berlina,64704290-T
2799 FNZ,VF7KN4LCE7BSDKDD1,2007,Citroën,C3,urbanos,29825789-X
J-3135-DF,WBAR99XYRSHKNX1M5,1995,BMW,Serie 3,cupé,29825789-X
1975 JFX,WAUZERNGTFZE8ZFY1,2015,Audi,A4,sedán,24758401-M
2163 GWC,SB1HKBU4RAUVBRY2D,2010,Toyota,Yaris,urbanos,24758401-M
2720 JRZ,KNAL99VW7GEC6S8PZ,2016,Kia,Ceed,compacto,24758401-M
AV-7846-AP,WBA1D65T0MLVNF78U,1991,BMW,Serie 3,deportivo,18990018-E
7616 DTB,VSS0721PF5FJTF0KL,2005,SEAT,Ibiza,deportivo,66210939-B
8354 GYM,SJNFMD0P1AKMVFC67,2010,Nissan,Micra,deportivo,66210939-B
7562 HDC,KNAWC2PNHBG2T1CNA,2011,Kia,Sportage,SUV,66210939-B
9119 CNK,WVWV47RKN3V95XH4P,2003,Volkswagen,Golf,deportivo,35216047-B
CS-7833-AN,WVWWZXXJHXG9YH21B,1999,Volkswagen,Polo,urbanos,35216047-B
SE-7349-GN,SJNP3HY9HLGPGR5TZ,1990,Nissan,Micra,deportivo,35216047-B
3461 CDV,WF04042BJ3GFTVAWP,2003,Ford,Focus,berlina,68194960-Y
4887 FWC,ZFACVLV5171N81ND5,2007,Fiat,Panda,urbanos,68194960-Y
5691 BXP,WVWGXMV8M246VNL69,2002,Volkswagen,Polo,urbanos,13549644-E
4008 KCH,VF1NEPZMNH941SS5N,2017,Renault,Mégane,berlina,13549644-E
4983 MZS,VF3APT3EEST7XBWCG,2025,Peugeot,5008,SUV,13549644-E
CE-2072-UD,SB14PT14HX59540N2,1999,Toyota,Corolla,sedán,80068599-X
7015 MRX,W0LYZBM5VR8VN15CS,2024,Opel,Mokka,SUV,80068599-X
1095 MJR,SJNDGUN61PRHMDS31,2023,Nissan,Micra,urbanos,79549389-W
LO-5933-FW,VF1JHSC79XS0VNBYV,1999,Renault,Clio,urbanos,69943107-S
8138 FBC,WDBFFSSV06NFC6WLH,2006,Mercedes-Benz,Clase A,compacto,46239869-W
5097 CGJ,JMZ3F7PEZ3FEG49JE,2003,Mazda,Mazda 3,compacto,46239869-W
AV-5511-KB,VSS5Z87A4LRLDRP1U,1990,SEAT,Ibiza,deportivo,76775797-A
1728 MFZ,TMAVSJTURPWZLVJ9E,2023,Hyundai,i10,urbanos,43551057-M
1489 HCB,WVWDJY7C2B2UJEEP6,2011,Volkswagen,Passat,sedán,51438143-T
9998 MWV,WF0CA76C4R9AST3ED,2024,Ford,Kuga,todoterreno,51438143-T
2877 NFR,KNAZJ15EJSW8TPDNS,2025,Kia,Stonic,SUV,51438143-T
4644 BNL,YV1EGHZVV1PKGN2UF,2001,Volvo,V40,compacto,12598740-F
3117 GYM,UU1NJWXEJANX23GES,2010,Dacia,Duster,SUV,12598740-F
5586 HRK,SB1ZD84HKDNW2YE7S,2013,Toyota,Yaris,urbanos,12598740-F
3315 KTJ,WF04KVL9GK3SZF4NM,2019,Ford,Mondeo,sedán,52968155-Y
4942 HZB,TMB11L9HNEA8UN99W,2014,Skoda,Octavia,compacto,76754669-N
6997 BJC,WF0R2Y7441BNXWJRZ,2001,Ford,Mondeo,sedán,77390367-J
7846 CPF,SB1VJNTCL3WLC16G8,2003,Toyota,RAV4,SUV,77390367-J
H-7720-DX,KNABR13XUXW2C19DS,1999,Kia,Sportage,SUV,32732142-Z
T-6454-BE,VF7FPM3HYV4RTV256,1997,Citroën,Berlingo,todoterreno,32732142-Z
Z-5881-AO,VSS8J77T8SXK4E0VK,1995,SEAT,Ibiza,urbanos,49239789-D
5755 JXF,YV1FKD3P2H6HMJFEX,2017,Volvo,V40,compacto,98209984-F
9255 JWN,YV1EGBU4RHHZBK0ZR,2017,Volvo,XC60,SUV,93193564-W
PO-4992-JM,KNAMF1FCUP5E1Y28J,1993,Kia,Sportage,SUV,93193564-W
7500 GCK,VF700UAH18P64U8VA,2008,Citroën,Berlingo,todoterreno,93193564-W
2156 MGN,WVW8UF9GHPHPH5FAC,2023,Volkswagen,Golf,deportivo,85508954-Z
CR-6849-GP,W0LE13X34MKK3SYC9,1991,Opel,Corsa,urbanos,85508954-Z
4260 DFF,JMBD9AM7T4BZWN269,2004,Mitsubishi,Outlander,todoterreno,85508954-Z
9889 DBJ,W0L69KEZE4R73HE69,2004,Opel,Corsa,deportivo,47743019-X
1277 JMF,VF74HEWPKGL18HUYX,2016,Citroën,C3,urbanos,47743019-X
4837 JFX,WBAZL6WYEFNPKC601,2015,BMW,X3,SUV,82156732-L
4261 HFF,YV1YKABK2B23Y9YAC,2011,Volvo,V40,compacto,82156732-L
4653 JZP,WF0PDX98UH4BPG72V,2017,Ford,Mondeo,berlina,87670078-N
9988 GSR,WBA1WK3J0961PFW9X,2009,BMW,Serie 1,compacto,87670078-N
8162 LZZ,SB1U0DV3HNT0NSD24,2022,Toyota,RAV4,SUV,87670078-N
3763 DNP,SB1THXXDP5PA60X2G,2005,Toyota,Corolla,sedán,65344417-Z
3981 BCD,ZFAPRLEEGYSH5KLCG,2000,Fiat,Panda,urbanos,64519782-K
4246 HVZ,ZFA0JKZNKEXG9PN0R,2014,Fiat,Panda,urbanos,64519782-K
CU-5425-BU,TMB10AHDWXJLKBJ7W,1999,Skoda,Fabia,urbanos,13898539-F
SS-1022-XW,WBAPNF9UCNYN7L4FW,1992,BMW,Serie 3,descapotable,55272881-V
4600 HVF,W0L9488XEDSLMCR94,2013,Opel,Insignia,berlina,55272881-V
7525 NFR,UU16UJKVGSPZ5PCS7,2025,Dacia,Duster,SUV,64969152-V
5456 FVJ,W0LW20Z6P7RHSHF49,2007,Opel,Astra,deportivo,64969152-V
8671 FRC,VF1GFT6PZ7AP4PM5Z,2007,Renault,Laguna,sedán,12891698-Z
1296 JTR,ZFATJG4U9GZW9A1Y2,2016,Fiat,500,descapotable,12891698-Z
2048 NCJ,VSSYZLACAS88BRMAW,2025,SEAT,Ibiza,deportivo,12891698-Z
A-2556-ZQ,SJNXUVDY2LV5VBZ1V,1990,Nissan,Micra,deportivo,83216627-M
8573 CDC,WVWW0WD3A2A4UZX4Z,2002,Volkswagen,Passat,berlina,83216627-M
M-5986-HQ,WVWMCN2EYLT0CPH1K,1990,Volkswagen,Polo,urbanos,21609668-H
1418 CYY,VF1B53ZBP4EPSZ69U,2004,Renault,Mégane,compacto,46351683-J
4757 LZZ,WAUEUVAVENMDVY6XD,2022,Audi,Q5,SUV,46351683-J
CS-5244-UT,ZFAL0XG5GWU8NH4XT,1998,Fiat,Panda,urbanos,40412440-Z
4206 JLN,WVWDYUAY1GPRJX586,2016,Volkswagen,Golf,deportivo,11582437-M
1706 GHT,VF7J5DVWE8LVNY4FL,2008,Citroën,C3,urbanos,11582437-M
9605 DDG,ZFA2TF71L4C3KSWN7,2004,Fiat,Panda,urbanos,67936309-J
6090 NGB,TMASL0Z92S3J06D5L,2025,Hyundai,i20,urbanos,67936309-J
H-5336-SM,WVWSAMLPUPN4XGZNS,1993,Volkswagen,Polo,urbanos,27986351-C
8503 BCD,WF0KM09EZYRX7MCUW,2000,Ford,Fiesta,urbanos,27986351-C
4546 JZP,VF3YE92C5H3XN8WWD,2017,Peugeot,208,urbanos,27986351-C
LE-1375-DS,VF1NGMK49PNY60359,1993,Renault,Clio,urbanos,38497435-N
8259 LZZ,VF7CKKHE6NKE3A0UY,2022,Citroën,Berlingo,todoterreno,38497435-N
3955 LGH,JMZGVR3RNLLXXFEKA,2020,Mazda,CX-5,SUV,54370063-H
CR-8562-UG,ZFA0N5C0MLG38S15V,1990,Fiat,Panda,urbanos,87298456-R
4821 GSR,JMB7B61M59H9VSDXF,2009,Mitsubishi,Outlander,SUV,87298456-R
CE-1484-YT,WF0N8CTB1PC3ER2S6,1993,Ford,Fiesta,urbanos,53565837-X
3502 BCY,WAU3RC4EHYXFL1UXD,2000,Audi,A4,sedán,53565837-X
7990 DLD,WVWUF4MGF5ABCPPAD,2005,Volkswagen,Golf,deportivo,91886915-Y
5110 GRM,JMZYZ6TEZ9FV1989Y,2009,Mazda,Mazda 2,urbanos,48224050-L
ML-4164-KS,WVWJ0YD7NVJAMC9V7,1997,Volkswagen,Passat,sedán,99431984-V
3818 KNK,WF06SD9ETJEZXR0PW,2018,Ford,Kuga,SUV,86284938-R
O-8192-WX,VF1XN0SUCWZRRSTYC,1998,Renault,Clio,urbanos,86284938-R
GC-2205-TY,VSSYSZCA2VYDKVBU7,1997,SEAT,Ibiza,deportivo,77417316-Y
TF-1564-FD,ZFAKLBR1CLEJLGGHY,1990,Fiat,Panda,urbanos,65045721-L
8345 GMN,JMBLCHGZH9E2TZJVK,2009,Mitsubishi,Outlander,SUV,65045721-L
9465 CFM,WDB43AK453TSSLWT5,2003,Mercedes-Benz,Clase A,compacto,65045721-L
1136 FXY,SJNT7B7NX7ARXN750,2007,Nissan,Qashqai,SUV,89446834-H
V-3976-DD,VF10ZBTNCWKJ80AAU,1998,Renault,Laguna,sedán,89446834-H
3843 LTP,WAUY23FR4MAM1JHNG,2021,Audi,A4,berlina,89446834-H
8503 BKB,WVWUKD1RZ1R0MX7A8,2001,Volkswagen,Polo,urbanos,77150578-E
4262 GYM,JMZHNSXE6AHPPAEGX,2010,Mazda,Mazda 2,urbanos,77150578-E
5629 HPY,SB196W835DCD1BSZF,2013,Toyota,Corolla,sedán,14943466-K
1246 FGF,W0L3MN9AE6CVRG4U4,2006,Opel,Corsa,urbanos,14943466-K
4365 GFY,UU13Y99TU8XBZFE80,2008,Dacia,Sandero,urbanos,14943466-K
3075 HJC,WDBVF9GN5CUUWLBWZ,2012,Mercedes-Benz,Clase C,berlina,42228357-N
1783 MLY,JMZ41WDBWPRPVZPLM,2023,Mazda,Mazda 3,compacto,42228357-N
7414 HDC,WBAPMNL8LBSKBB9RN,2011,BMW,X1,SUV,42228357-N
ML-1790-YS,WVWD2EHPVXU44C62A,1999,Volkswagen,Passat,berlina,87873577-F
5658 MNC,TMB5YTXTXRU4L98KK,2024,Skoda,Fabia,urbanos,87873577-F
8309 JFX,WDB3TMRN6F5MFVF95,2015,Mercedes-Benz,Clase C,berlina,99502506-K
8725 JTB,WVW91DUPDGUAYSJ5F,2016,Volkswagen,Golf,descapotable,99502506-K
ML-7975-BN,SJN0VCATBN9PFZTZ6,1992,Nissan,Micra,urbanos,99502506-K
6990 MDS,KNATS06FLPJH9U03A,2023,Kia,Sportage,SUV,94080140-C
CO-2939-EI,W0L5Z739XNG32NJ39,1992,Opel,Astra,deportivo,82437505-P
2640 DGX,WAU4TJRZY5KR33ULY,2005,Audi,A3,deportivo,43475826-F
7978 FLV,WAUF04D4K7FFGVNHR,2007,Audi,A3,compacto,43475826-F
5658 MJR,TMAE9DUUKP4EGWUKN,2023,Hyundai,i20,urbanos,43475826-F
2054 FDP,TMB6DV45D69Z14DZ7,2006,Skoda,Fabia,urbanos,78209196-L
1707 CDC,KNA1JWU392Y3N0GZ9,2002,Kia,Rio,urbanos,59547184-T
BA-1926-AL,WBAWNUW9TRB11PDEU,1994,BMW,Serie 3,deportivo,59547184-T
2181 BFJ,W0L2SL62K14PJ3U1R,2001,Opel,Astra,compacto,23830396-G
1284 HVN,SB16VBHT3EWEAJFHX,2014,Toyota,Corolla,compacto,52327380-B
SG-9442-ZJ,W0LKK6JNSWR4RKNUC,1998,Opel,Astra,compacto,52327380-B
1483 GYD,VF3WEESWSAMFH00JJ,2010,Peugeot,3008,SUV,52327380-B
7172 CKB,WBAAPRV2Z3VEVDJ2W,2003,BMW,X3,SUV,55424859-B
J-1654-OU,W0L8GV1TURKC6WSZ9,1994,Opel,Corsa,deportivo,55424859-B
9638 LPD,W0LTK0572ML7S5N75,2021,Opel,Corsa,urbanos,55424859-B
4782 LMX,TMAH6NBNMM47TF7AU,2021,Hyundai,Tucson,SUV,96000063-H
4297 LNN,WVW9XJUHKMJY6FGN1,2021,Volkswagen,Polo,urbanos,96000063-H
2321 MPL,VSS7HEVCHRX65GWFA,2024,SEAT,León,berlina,15013286-J
6285 KCH,WDB44AUH8HM58SUTC,2017,Mercedes-Benz,Clase A,deportivo,15013286-J
7205 DLD,VSSAPMXDZ5RM4V8YX,2005,SEAT,León,berlina,15013286-J
4558 MDS,ZFARJ88EUPZ40C3YV,2023,Fiat,Panda,urbanos,21906210-K
1904 MKR,VF37SANEHPRVM7373,2023,Peugeot,3008,SUV,21906210-K
H-5229-XA,WDB1TCXTLVVARHLGP,1997,Mercedes-Benz,Clase A,compacto,21906210-K
2971 CKB,TMB0A96Y13BE2DV5A,2003,Skoda,Octavia,berlina,13742957-C
5611 KBM,SJNH7M704H1SBRGE8,2017,Nissan,Micra,deportivo,94754136-R
2736 BRT,SB1D130B01XRVKFVZ,2001,Toyota,RAV4,SUV,82945736-P
8944 HJM,KNA8SYB01C188LTYC,2012,Kia,Ceed,compacto,82945736-P
5964 JYT,WBAE09NFXH6EHYE09,2017,BMW,X3,SUV,82945736-P
9016 MKR,JMBSZ2KBWPYCN2KL2,2023,Mitsubishi,Eclipse Cross,SUV,60196628-Q
7346 BRB,WVWBRRULR1ER7TJ08,2001,Volkswagen,Golf,descapotable,60196628-Q
1667 DMJ,SB1H8WX995144EHAL,2005,Toyota,Corolla,compacto,51226444-Q
7722 CVR,VF7ZW36B1418KFHZ6,2004,Citroën,C4,compacto,47802890-N
4864 MYF,WBAJZ7RZLS2YUGLNX,2025,BMW,Serie 3,cupé,60659436-H
4760 BFJ,SB13BVGC71XTSLPDV,2001,Toyota,Corolla,compacto,60659436-H
9518 MDS,WVWAJ1CU9P1VE0UAU,2023,Volkswagen,Polo,deportivo,60659436-H
7880 LWD,TMBXTNXEUN6VBB8HB,2022,Skoda,Karoq,SUV,17228557-Q
1778 NFC,WVWTLZN3KS5RDFFR0,2025,Volkswagen,Polo,urbanos,17228557-Q
NA-7768-KW,W0L12EN8XTC83LZG6,1996,Opel,Corsa,urbanos,16521766-S
M-7262-RP,ZFANLFEX6RXT3KBEJ,1994,Fiat,Panda,urbanos,16521766-S
4556 FGF,YV1JVLNGF63MJH8UR,2006,Volvo,V40,compacto,93199590-W
6711 BYP,SJNM19X522AET2Z6X,2002,Nissan,X-Trail,SUV,93199590-W
PO-9877-OX,ZFA6CFUZVL4HRUA05,1990,Fiat,Panda,urbanos,93199590-W
9377 BPG,VSS9DT4D81XK3GP9F,2001,SEAT,León,berlina,81123244-J
9021 GWV,WVW6C4KJZA8K93RS0,2010,Volkswagen,Tiguan,SUV,81123244-J
4451 DVW,JMZVEFLAX6UCF3XK4,2006,Mazda,Mazda 3,deportivo,75645985-C
4377 KPS,WVWGHFBYSJ5WFY27G,2018,Volkswagen,Passat,sedán,32974809-P
CE-1505-BS,VF1AU4K34MJMRJ8SE,1991,Renault,Clio,deportivo,32974809-P
6097 BGF,VF1E3LHMK1G5JXWBW,2001,Renault,Clio,deportivo,44669792-C
6534 MJR,VF3N0AA82PJFUM5AG,2023,Peugeot,3008,SUV,44669792-C
8410 KNK,W0L2FU5ZSJLHDRWBJ,2018,Opel,Insignia,sedán,44669792-C
P-8503-VQ,W0LVV3VG8RU8CUW3C,1994,Opel,Corsa,urbanos,16233666-J
BA-6358-GK,VSSWWH7JPW14N8S7N,1998,SEAT,Ibiza,urbanos,16233666-J
4130 FNZ,SB1PS5SXS778158JA,2007,Toyota,RAV4,SUV,91905414-J
V-4229-EM,SJNAEBX1XLFA4LPJJ,1990,Nissan,Micra,urbanos,64394885-Z
3180 HLK,KNAFNGPBZCR30JR6X,2012,Kia,Rio,urbanos,68794216-C
5124 HZB,WF003PN93E54MXBK3,2014,Ford,Mondeo,berlina,50710522-F
SA-7251-EI,WVWTNB7N1M923GPAC,1991,Volkswagen,Passat,sedán,38043980-W
6416 MTW,TMATKY5UTR91M1LS7,2024,Hyundai,Tucson,SUV,38043980-W
4072 DPK,WBA5MAN035RX5Y9WC,2005,BMW,Serie 1,deportivo,38043980-W
1874 GYX,WF04JPR9FAGB41CWB,2010,Ford,Kuga,SUV,28029240-Z
2373 MLY,TMA51M5SXPNWGC5BZ,2023,Hyundai,i30,deportivo,28029240-Z
4611 DDG,YV1C60M424E475YZG,2004,Volvo,V40,compacto,28029240-Z
5247 LMC,TMBTF4SSFLESL7WP3,2020,Skoda,Fabia,urbanos,87241696-M
7210 JTR,TMBLBYWUJGF3CK0DP,2016,Skoda,Octavia,berlina,87241696-M
S-6890-IV,SB1SJ4WSEL36D0SP1,1990,Toyota,Corolla,compacto,87241696-M
5973 FFK,WF0L6MK516P0D7XB7,2006,Ford,Fiesta,deportivo,65995093-C
2598 NDG,SJNTZEW9KSWVGZ9S5,2025,Nissan,Qashqai,SUV,23020458-B
1721 DVB,SB1H5V8MU51JJ2375,2005,Toyota,Yaris,urbanos,23020458-B
1555 MXP,TMAT10HFSR6N5S2T3,2024,Hyundai,i30,deportivo,92608914-N
7596 CDC,W0LWH93Z72XM4BVUY,2002,Opel,Astra,deportivo,94821725-Q
2905 KDK,WBALNW15CH66H49B0,2017,BMW,X1,SUV,94821725-Q
BU-8474-IK,TMBDXS5R5VH8LXD1V,1997,Skoda,Octavia,compacto,94821725-Q
LE-8736-TL,VSS3X5XDTTUE8PF9P,1996,SEAT,Ibiza,urbanos,19878933-X
Z-4793-QE,VF19CXEVVR9NDC3CT,1994,Renault,Clio,urbanos,37289918-H
TO-9579-ZM,VF75Z3MBZWB8173TZ,1998,Citroën,Berlingo,todoterreno,37289918-H
6588 JCK,UU1ZGDEY8FMYCVRHH,2015,Dacia,Lodgy,monovolumen,37289918-H
4384 HRK,JMZV5URRTDSUTHW1T,2013,Mazda,Mazda 2,urbanos,77969064-F
5286 BDR,TMBG44PN7YTKVB82B,2000,Skoda,Fabia,urbanos,45370708-B
4442 BCD,ZFA6L7TNFY178MG4E,2000,Fiat,Panda,urbanos,84393970-R
7326 DHZ,WF05SF0WN5W5UD6RW,2005,Ford,Fiesta,urbanos,19486431-A
7944 GWC,SB1SPY5CWAGGHCYGK,2010,Toyota,Corolla,compacto,30724570-C
8879 CRV,WDBRLX2MV4K8E9TVJ,2004,Mercedes-Benz,Clase A,deportivo,54412968-M
1652 NGB,VF39DK2A1STCWUB60,2025,Peugeot,3008,SUV,99103859-X
M-6018-DK,YV1KXWW3DW1KSZ7RA,1998,Volvo,V40,compacto,99103859-X
5958 HTK,WDB1CG3J1DDZMPKCN,2013,Mercedes-Benz,Clase C,descapotable,99103859-X
8899 JYB,ZFASSXSKVH8ETXDP0,2017,Fiat,Panda,urbanos,57103619-R
5211 LNN,SB1XT9E1ZM8GX91CH,2021,Toyota,RAV4,todoterreno,57103619-R
SS-7284-CY,WBA77X3Z9R9351J0U,1994,BMW,Serie 3,descapotable,57103619-R
4408 KRJ,JMZSFW48BJFRBWEEY,2018,Mazda,Mazda 2,urbanos,88150212-K
4165 MYW,W0LSF5MDLSVSP3LUH,2025,Opel,Corsa,urbanos,88150212-K
2200 DNP,VF1PFUBVJ5CRSF9CD,2005,Renault,Laguna,sedán,88150212-K
9903 BGF,TMB8A42TU1CNX4UUA,2001,Skoda,Octavia,compacto,12020645-V
1214 LCY,WDBJN69RCKF769XGY,2019,Mercedes-Benz,GLA,SUV,12020645-V
SA-6241-LK,WBAVWB7GHM2A4M6CM,1991,BMW,Serie 3,berlina,12020645-V
4399 DYY,WBAM6HVCG6B2VXG8C,2006,BMW,Serie 1,deportivo,88815959-X
3960 NBL,TMBFEHXT6SVSZ1TC7,2025,Skoda,Fabia,urbanos,88815959-X
4427 MDS,WBAF9LFZ8PHKZAW8J,2023,BMW,X3,SUV,50513670-N
GC-5326-EV,WDBS4KV8MRRCDLNG9,1994,Mercedes-Benz,Clase C,cupé,80071608-Y
3981 HDR,TMACUNK0SBRZW81F8,2011,Hyundai,Tucson,SUV,80071608-Y
4499 MYF,KNASS77MJSUKNYP0H,2025,Kia,Ceed,deportivo,33770052-A
8999 BVW,VF1EGD34X2JA8FEVU,2002,Renault,Clio,urbanos,33770052-A
3369 BBJ,WBA7DCX3NY6NRH3BD,2000,BMW,Serie 3,cupé,85872290-L
6844 HPC,JMZFGXAF0D9MGZP5L,2013,Mazda,Mazda 2,urbanos,85872290-L
3707 CSS,VF10N5YDD4KCNGRH0,2004,Renault,Clio,deportivo,18578627-D
6073 BFJ,WAUC65G0L1X396RTU,2001,Audi,A3,deportivo,18578627-D
H-2891-LS,WDBLUDLD6RTBSVRE5,1994,Mercedes-Benz,Clase C,cupé,18578627-D
7258 GLP,WVWK92MRB95P4Y2XL,2009,Volkswagen,Polo,urbanos,82420376-Z
CU-1063-CL,W0LD0Z9CHN2HKZLGB,1992,Opel,Corsa,deportivo,82420376-Z
8136 FTP,KNA53TZWP72Y5601T,2007,Kia,Sportage,SUV,82420376-Z
1144 GPW,JMBRPFEFR9MES26MS,2009,Mitsubishi,Outlander,SUV,59252453-Z
T-3625-VC,SB1DALDH2NZ4E7T2T,1992,Toyota,Corolla,compacto,59252453-Z
3286 KHG,SB1ZPZD3CJRF2VCKU,2018,Toyota,Corolla,sedán,88397429-B
VA-4963-CU,WVWBUZ7SKM5EZ4R98,1991,Volkswagen,Golf,descapotable,88397429-B
P-3600-XP,WF0WXBYZUTEU9DNBB,1996,Ford,Fiesta,urbanos,48018805-A
CS-4716-UP,VF1M6J06MWM17C220,1998,Renault,Mégane,deportivo,48018805-A
5332 BTZ,WBA1WV63N2500LYNX,2002,BMW,Serie 3,descapotable,48018805-A
TF-1532-KK,YV1J59PMGTH58XEVP,1996,Volvo,V40,compacto,91943919-Q
5391 MLH,TMAY60XY3P3414BJ1,2023,Hyundai,i30,compacto,91943919-Q
8599 LVD,KNAK0WVE1ME5D4RH6,2021,Kia,Stonic,SUV,98976789-S
5382 LML,VSSXDX896M7C720MP,2021,SEAT,León,deportivo,98976789-S
GR-9936-WY,WVW4M7N0GRB59C04S,1994,Volkswagen,Polo,deportivo,98976789-S
BI-8864-KR,WVWFX42LVXUCFDL6R,1999,Volkswagen,Polo,urbanos,33679074-J
CA-6098-EY,WVW8N2A46T9M16F1K,1996,Volkswagen,Golf,deportivo,33679074-J
8644 GMN,WF01N0C3V9RP292TE,2009,Ford,Kuga,SUV,33679074-J
PM-6265-OJ,WVW0N5ZE2ML4HVBXL,1991,Volkswagen,Golf,deportivo,85965860-W
3394 BBJ,WF06YXJ5JYSEC0DVX,2000,Ford,Mondeo,berlina,85965860-W
MU-6730-JP,WDBVE8049T6UNBRD8,1996,Mercedes-Benz,Clase C,deportivo,51218519-A
5037 KLN,TMAULFEBHJBUNE8RH,2018,Hyundai,i30,compacto,40774667-Z
4089 KNK,VF7ZJA4CTJ05AN8JS,2018,Citroën,C3,urbanos,25795916-J
3303 MJB,SB18H729UPXRGP0Z8,2023,Toyota,Corolla,sedán,25795916-J
6663 GMC,VF1R9DBUH9C0KD9CE,2009,Renault,Clio,urbanos,25795916-J
2896 GPJ,SJNF35VE19USF9T6G,2009,Nissan,Micra,deportivo,69786478-Q
4527 LTP,W0LF7AH7CMR7M88FA,2021,Opel,Astra,deportivo,12964719-X
1029 DFF,WBATVHKXN4K7TWJ4P,2004,BMW,X3,SUV,92304799-A
4006 HGX,WVWAAGKEJBK9E0VFD,2011,Volkswagen,Golf,descapotable,92304799-A
ML-7270-RV,W0L7USCA8X6U1W809,1999,Opel,Corsa,urbanos,86615730-F
6808 KCV,VSSN7XSLYH6WZW9WF,2017,SEAT,León,compacto,86615730-F
4829 DNP,JMZM2EK2S5KU3208J,2005,Mazda,Mazda 2,urbanos,14376178-M
GI-2201-TI,W0LSC49YRLR1SHWE9,1990,Opel,Corsa,deportivo,47622082-F
MA-9434-WQ,WAU5CRA8EXSN2FF6N,1999,Audi,A3,descapotable,96219307-A
4093 CVR,TMBYXAXST4F78UVW0,2004,Skoda,Fabia,urbanos,96219307-A
5457 FHD,WAUTN3ALS6HEXUC31,2006,Audi,A3,compacto,44945113-P
2243 HRX,KNAM17S8GDKYBWLNK,2013,Kia,Rio,urbanos,44945113-P
9718 CKB,JMBLYL54K30ELLY99,2003,Mitsubishi,Outlander,todoterreno,44945113-P
3157 HKX,YV1F9HBBWCBEMTTHB,2012,Volvo,V40,compacto,54476079-G
9980 JVH,YV12HL4UGGZEEBJF9,2016,Volvo,XC60,SUV,54476079-G
CE-7562-MH,W0LMM7Z5LMS06H0EA,1991,Opel,Corsa,urbanos,54476079-G
9189 MBN,ZFAAV63RWN9W30KZV,2022,Fiat,Tipo,berlina,95832419-K
9856 DVB,SB14FDC5H5NG7HBFD,2005,Toyota,Corolla,compacto,84777803-X
4831 KHY,UU1DDFKUFJZEAC86U,2018,Dacia,Sandero,urbanos,84777803-X
1023 JDR,KNAK3VE92FA47FPU9,2015,Kia,Ceed,deportivo,84777803-X
GR-7176-IM,KNAYBFG5LPKCSYSCB,1993,Kia,Sportage,SUV,41370399-T
6746 GYD,WVWRXWKM0A4HCE5TG,2010,Volkswagen,Passat,sedán,41370399-T
3802 JNR,TMAEP7UFCGULA5C7S,2016,Hyundai,i10,urbanos,41370399-T
6472 BCY,SJNFVYX2UY0RN8VEV,2000,Nissan,X-Trail,SUV,46578651-V
9437 FXY,VF78RGRCU7YJB9KUZ,2007,Citroën,C4,deportivo,20703624-J
8411 LYJ,ZFA7ZMN5JNX3XUJHM,2022,Fiat,Tipo,berlina,20703624-J
3002 HSR,VF72G5KJDDR7Z98C9,2013,Citroën,C3,urbanos,20703624-J
GI-4913-YF,VF799CFZ9T9ZLU18A,1996,Citroën,Berlingo,monovolumen,61724796-H
3026 DRG,WDBENKAV75XN5JVNZ,2005,Mercedes-Benz,Clase C,cupé,61724796-H
8563 HGM,SB1W57ST5BW62BUFZ,2011,Toyota,Auris,compacto,31453189-E
3197 FZR,WF0APLK4D8TSGHUAK,2008,Ford,Kuga,todoterreno,31453189-E
6238 BWT,JMBY8AWMB2A65T2W8,2002,Mitsubishi,Outlander,SUV,85625572-E
9646 MYW,WDBN8JCJNSWR76AEV,2025,Mercedes-Benz,GLC,SUV,38131669-S
5191 LMC,JMZNXP4ZVLLHE7JER,2020,Mazda,CX-5,SUV,38131669-S
8983 GMC,SB1A8RRRS9UE1ZB6D,2009,Toyota,Corolla,compacto,38131669-S
6600 LJD,VF7CXZ3TALWY1VUFK,2020,Citroën,C4,compacto,49019349-R
7039 HZB,WF08GP1A0EU8YWVEF,2014,Ford,Fiesta,deportivo,31714554-S
PM-8020-ML,WF0SVRAGTS8UGUTTS,1995,Ford,Mondeo,sedán,78782096-N
4429 LGP,WF0B8BUP9LTGRC94M,2020,Ford,Focus,compacto,35254404-G
3192 LCY,JMZHTZGZNKN95RXJ4,2019,Mazda,Mazda 3,deportivo,35254404-G
5734 JZP,W0LRBEVJLH4MHF2H6,2017,Opel,Insignia,berlina,35254404-G
4214 KVX,WVWB7DVVLKF3TF45W,2019,Volkswagen,Tiguan,SUV,94042185-S
A-4672-MB,WVW7TL5VXL4YZFSEJ,1990,Volkswagen,Polo,deportivo,94042185-S
AV-4195-BZ,WAU97U8BNWW2WYWKY,1998,Audi,A4,sedán,55293413-X
8813 LBN,VSSAW22MUKRFGMARW,2019,SEAT,Toledo,berlina,80377033-Z
1719 LPW,VF1PJNWADM5K1PF53,2021,Renault,Captur,SUV,69781151-W
6782 CDC,WBADBFMF82YGXNLF3,2002,BMW,Serie 3,descapotable,40410776-Y
2629 FXY,SJNT8HBWG7VH41KPB,2007,Nissan,Micra,urbanos,40410776-Y
2381 LBN,WBA2C6MNAKWWB8GZD,2019,BMW,X3,SUV,40252594-H
3324 MTK,WF010Z13DRKYFCBDW,2024,Ford,Kuga,SUV,26843778-H
8782 HFF,SB1NLD5FGB4KD541W,2011,Toyota,Corolla,sedán,20396570-D
1140 JRG,WDBERFNLGGHK18MZF,2016,Mercedes-Benz,Clase C,berlina,20396570-D
2215 LTD,WBA6ZF1Z2MC9H7DJC,2021,BMW,X3,SUV,20396570-D
TE-2543-EK,WVWLETF8LR9MYZS1R,1994,Volkswagen,Golf,compacto,18881842-S
2663 DVW,VF167LL0F6D9P7FME,2006,Renault,Clio,deportivo,18881842-S
6285 FHD,SJNZVPDMD65NPTV00,2006,Nissan,Qashqai,SUV,16813835-F
J-8495-CF,SB177VFYLSKFFM1UN,1995,Toyota,RAV4,todoterreno,16813835-F
1059 HYT,WVWL98G3BEG3N1HD9,2014,Volkswagen,Golf,compacto,44288388-W
1206 BMW,SB10ZVHRS1GKDMLZW,2001,Toyota,Yaris,urbanos,44288388-W
7776 FKC,JMZ8E0JWB6AUE9EBV,2006,Mazda,Mazda 2,urbanos,45765348-V
CA-2621-TE,W0LS6KREXN4YPXF9M,1992,Opel,Astra,deportivo,45765348-V
4568 CRV,VSSB9785U4VES5S1Y,2004,SEAT,Ibiza,urbanos,65731646-S
CC-8243-MW,WVWKKUA6UPZP2D3NC,1993,Volkswagen,Polo,deportivo,65731646-S
1820 LFH,WAUWUDNHYLMMUXJS6,2020,Audi,A4,berlina,67002047-B
CC-1800-QJ,VF140EMG7W9YD79RU,1998,Renault,Mégane,berlina,67002047-B
LU-2322-WG,VSS0YR9CTPH324W56,1993,SEAT,Ibiza,urbanos,13117338-R
3704 MSS,SJNRD7364RU7SG6W2,2024,Nissan,X-Trail,todoterreno,13117338-R
3154 BBJ,WF0BZ2N9JY5NDPLJT,2000,Ford,Mondeo,sedán,18326120-L
4577 GSC,WBAV2FZLK9SEUF0NA,2009,BMW,Serie 1,compacto,18326120-L
4761 BHG,SJNCZCNL41KJYVWYJ,2001,Nissan,X-Trail,todoterreno,51362791-L
9514 KSS,JMZAVHCCTJA2SPLRP,2018,Mazda,Mazda 3,compacto,51362791-L
7796 HMT,TMA9PG7P0C4S2HC10,2012,Hyundai,Tucson,SUV,31887141-X
7972 GPW,WF0TNJZS19HUFH0ZS,2009,Ford,Kuga,SUV,57696412-S
4208 JBL,YV1489HUAE73U3F9J,2014,Volvo,V40,compacto,57696412-S
PO-6399-FA,WVW3YTTT5SD6399DG,1995,Volkswagen,Polo,urbanos,57696412-S
V-6469-UL,YV13TLNXVXLXL8FPT,1999,Volvo,V40,compacto,52428365-A
MA-6773-HJ,TMB1ZYKRJXHXB54GK,1999,Skoda,Fabia,urbanos,52428365-A
ZA-5988-TB,VSSFLWEFUVN82B5KK,1997,SEAT,Ibiza,urbanos,69361632-A
4328 MLY,JMZEK0G8EPTKJWSNA,2023,Mazda,CX-5,SUV,69361632-A
6620 LJR,W0LY8CFNPLKTC6GML,2020,Opel,Corsa,urbanos,60412099-T
6062 HXN,W0LMEDTMEER7T19V8,2014,Opel,Astra,deportivo,15381528-W
SE-2918-BW,WVWC2WDNURLCR934Y,1994,Volkswagen,Golf,compacto,15381528-W
2761 MDF,TMB5ZL8VDN6LE289L,2022,Skoda,Kodiaq,SUV,82027360-E
7940 BZF,VF1UWC6KX23KYTLG3,2002,Renault,Clio,deportivo,82027360-E
5948 DFF,W0LUM0P4Z4V4B1FVJ,2004,Opel,Corsa,urbanos,51440307-W
Z-4211-MD,SB11L31Y0SMK1XWU8,1995,Toyota,Corolla,sedán,42345428-J
P-5883-AU,VF7E9C3UZW42BS9CB,1998,Citroën,Berlingo,monovolumen,42345428-J
3595 CFM,VF7VLLHZG3224FSMA,2003,Citroën,Berlingo,monovolumen,37206994-D
M-2260-FI,VSSPUXN2FMWDY9EER,1991,SEAT,Toledo,sedán,37206994-D
SA-5724-IG,VF1C2SNPWR2GM8PBD,1994,Renault,Laguna,berlina,37206994-D
3243 HZL,WAUA4HUH2EY0ZP7CT,2014,Audi,Q3,SUV,96203683-L
4475 FKC,YV16N61LT6D6UUSAX,2006,Volvo,XC90,SUV,18238116-J
7467 LGG,WDBG40KBTLX1ZVX8X,2020,Mercedes-Benz,Clase C,cupé,18238116-J
9117 BKB,WDB0MLLME1RHY7ZJ4,2001,Mercedes-Benz,Clase C,descapotable,54778384-C
2207 KBM,WDBL85RUJH89CPD1C,2017,Mercedes-Benz,GLC,SUV,80611630-B
1804 LXD,JMZ0S1N3HNJLZY292,2022,Mazda,CX-5,SUV,80611630-B
SA-4021-VU,W0L4PLS3AVWCHMDT4,1997,Opel,Corsa,urbanos,62134888-C
8562 LMX,VF749D7FWMAMF2LFY,2021,Citroën,Berlingo,monovolumen,62134888-C
3356 KXR,SB1BZBP7FK10T5M0D,2019,Toyota,Corolla,sedán,62134888-C
9359 DNP,WBACHWSKV5UYAESKL,2005,BMW,Serie 3,berlina,79436802-T
HU-8356-LB,WVWB2SKWNL93D4BNT,1990,Volkswagen,Passat,sedán,79436802-T
CC-8627-WA,W0LHYSYMYNXKMH0HV,1992,Opel,Astra,compacto,79436802-T
2755 JCY,UU1GZNYAFFZXFHL1M,2015,Dacia,Sandero,urbanos,94888632-Q
3554 MGN,UU1VH240KPDGEBVPA,2023,Dacia,Sandero,urbanos,94888632-Q
6396 LTD,VSSBTFSZYMTFUCGWX,2021,SEAT,León,deportivo,18161903-E
4345 JCK,YV1DTD07NFZFG94LR,2015,Volvo,XC60,SUV,18161903-E
6944 MTK,WVW9EUH82RY1B1V5N,2024,Volkswagen,Polo,deportivo,18161903-E
ML-6855-KW,WF0JKSVWBN1G1TRZA,1992,Ford,Fiesta,urbanos,21691806-T
1029 LMX,WAU9W1J4TM01EAE6J,2021,Audi,Q3,SUV,21691806-T
6940 MLY,WBASBJMAJP35HD92Y,2023,BMW,Serie 3,descapotable,21691806-T
5305 BRT,SB1G035CV102XLNW0,2001,Toyota,RAV4,todoterreno,60866081-P
9143 BPG,JMBGBAKWS1XBY31JS,2001,Mitsubishi,Outlander,SUV,60866081-P
CC-2572-LC,ZFAJ41EJNLSG8TKPS,1990,Fiat,Panda,urbanos,60866081-P
9399 KCV,WBAFTYJ5VHAPBXEVA,2017,BMW,Serie 1,deportivo,21454335-G
7465 JDR,WF025UFY8FSVG7W2N,2015,Ford,Kuga,todoterreno,69233126-K
TF-4914-DL,YV1DFCZA6VRK2TPRY,1997,Volvo,V40,compacto,69233126-K
7817 KKR,WVWTUW4MVJJF597K7,2018,Volkswagen,Golf,descapotable,81568862-Y
6150 MGN,SJN738T9RPY5VUZ8P,2023,Nissan,Micra,urbanos,39655665-P
MA-7020-LY,VSS0DVPVGTD8TUHR3,1996,SEAT,Toledo,sedán,83108813-S
6274 BXP,WF0DJUNWY2BLM2HNU,2002,Ford,Fiesta,urbanos,93083953-D
T-5336-TO,TMBESAL2XX4DBRNSL,1999,Skoda,Octavia,compacto,47382283-Y
NA-2234-BY,VSS8RKVV6NCESGUC6,1992,SEAT,Ibiza,urbanos,47382283-Y
SO-4097-IL,ZFALURZPENY3XK2A8,1992,Fiat,Panda,urbanos,29152295-W
1771 BMW,TMB3UCXWK1M51AH5D,2001,Skoda,Fabia,urbanos,29398084-J
7324 GKS,UU1B178TC9AW7ZLTH,2009,Dacia,Sandero,urbanos,29398084-J
HU-2407-QR,VSSX1RT4AR0B15MVB,1994,SEAT,Toledo,berlina,29398084-J
BA-5477-FO,VSSVWAHSCMZKR1E6W,1991,SEAT,Toledo,berlina,87759867-D
3190 HJC,WF0BW16B0C57X97PT,2012,Ford,Kuga,SUV,87759867-D
3704 DPK,W0LRLHHZW5LW17VGX,2005,Opel,Corsa,deportivo,98850530-A
6722 MHG,KNADHURAPPBBMUSL6,2023,Kia,Ceed,compacto,98850530-A
4054 JGR,YV19VAAM6FCA7V3WL,2015,Volvo,XC60,SUV,72494738-A
AB-2853-CY,W0LUZAL2ERX8810UX,1994,Opel,Corsa,urbanos,72494738-A
1422 HKX,JMBUCGA2MC5CRRXH8,2012,Mitsubishi,ASX,SUV,20962842-K
BI-2247-FM,ZFA6EVP9UVS4FELR0,1997,Fiat,Panda,urbanos,45549292-T
P-7415-LW,VSS9VR9TRSCBY896W,1995,SEAT,Ibiza,deportivo,45549292-T
5465 LRP,VF34ZNH6DMPB5152A,2021,Peugeot,208,deportivo,45549292-T
9676 DSC,WF0HGBC8X5H0SWNVR,2005,Ford,Mondeo,sedán,25808283-Y
SO-2448-UP,VSSBS7PNPNENA66G7,1992,SEAT,Toledo,sedán,25808283-Y
6930 GKH,YV1J8FPNU8K6C9V7P,2008,Volvo,XC60,SUV,25808283-Y
1536 GYM,YV1CSGWEEA5KC18GY,2010,Volvo,XC90,todoterreno,14430261-S
1926 HSZ,UU10W7YPWDKC5FVYZ,2013,Dacia,Lodgy,urbanos,14430261-S
9956 FKY,JMBHMKR9S71ZL7LDN,2007,Mitsubishi,Outlander,todoterreno,14430261-S
6133 LTP,UU1D6WG5GMGFNC4FA,2021,Dacia,Lodgy,urbanos,48530031-P
GU-2959-TG,W0LM7HFHBMHUEX3T9,1991,Opel,Corsa,urbanos,55779895-L
3254 DVW,WF016URSM6E2P9CMM,2006,Ford,Mondeo,sedán,55779895-L
3313 CBP,SJNRFTP9Z2WNDV6W7,2002,Nissan,Micra,urbanos,50962221-V
5345 JNR,W0LJ1NCJ1G69G1TSV,2016,Opel,Corsa,deportivo,40718174-D
6068 GXP,SJNS9SRS2AS8ULS2J,2010,Nissan,Micra,deportivo,40718174-D
5572 LFY,WVW41FUW7LRK59KX7,2020,Volkswagen,Golf,deportivo,40718174-D
7632 HTV,YV1ZKLW69D3MUULWX,2013,Volvo,XC90,todoterreno,38357079-W
8385 MWV,WAUY3WNWTRL6L9YH9,2024,Audi,A1,urbanos,38357079-W
GU-8866-HH,YV18TVTDGV4XDVF82,1997,Volvo,V40,compacto,38357079-W
2286 BKB,VF15XYRGF1GAGSS1S,2001,Renault,Laguna,berlina,54847772-V
SE-2629-DS,SB1W9H53TMPKNVSTM,1991,Toyota,Corolla,compacto,54847772-V
7703 KRJ,WBAECKZ1LJ6VGHDEA,2018,BMW,X1,SUV,54847772-V
4365 JFG,UU1HJT4TUFVC4Y035,2015,Dacia,Sandero,urbanos,72153880-M
4050 MWV,TMBLLMFBCR1GFWU4E,2024,Skoda,Fabia,urbanos,72153880-M
4019 DGX,WDBMTM7ET5YKKECKP,2005,Mercedes-Benz,Clase A,deportivo,72153880-M
8037 MFZ,WAUE477N7P5L1D5H2,2023,Audi,Q5,SUV,29431313-F
9757 HHT,SB12AY709BHUH8MY8,2011,Toyota,Corolla,sedán,42238963-S
7424 MWV,TMADKTSN5RXPMC6TJ,2024,Hyundai,Tucson,SUV,65702977-G
7263 KCH,TMAB2FSAKH1UKN8H9,2017,Hyundai,Tucson,SUV,66204170-G
9428 GPW,YV1UJ2HZU91DFTX18,2009,Volvo,XC60,SUV,66204170-G
3120 BBJ,WAU9WS79LYE2ZB4DD,2000,Audi,A4,berlina,64253155-X
LE-9309-TU,SJNXHK00DVMV85NC1,1997,Nissan,Micra,deportivo,19851361-S
3321 LTD,JMZHYD9LKMNAJEF65,2021,Mazda,Mazda 2,urbanos,19851361-S
3781 DTB,VF7S81W1Z5030LZEU,2005,Citroën,C3,urbanos,11148770-A
L-2054-YB,W0LP1P22PRWVWC1SA,1994,Opel,Corsa,urbanos,11148770-A
2723 GCK,ZFAGWDF4Z824RDJPB,2008,Fiat,500,urbanos,68293847-Q
T-8763-XW,VSSAS2ZAPR102436Y,1994,SEAT,Toledo,berlina,96351194-P
ML-6197-YK,WF00X6L7NMWVK96MH,1991,Ford,Fiesta,deportivo,96351194-P
9455 JVZ,KNAUCSANBGH1W05K6,2016,Kia,Rio,urbanos,96351194-P
5412 HSZ,WAUFP3W01D2RXZRJT,2013,Audi,A1,urbanos,26448436-T
CS-1212-HP,WDBT44JDSV5UT9CH6,1997,Mercedes-Benz,Clase A,deportivo,26448436-T
CC-1964-XQ,SB1LNM7RWT8SHN2WD,1996,Toyota,Corolla,compacto,40172656-M
4998 CFM,VSSE4PKND3693LUMJ,2003,SEAT,Toledo,sedán,31781721-E
5852 HKL,WDB2Y4HCSCC5ASA33,2012,Mercedes-Benz,Clase A,deportivo,31781721-E
3586 BDR,VF1BSWPM0YBYBR8SD,2000,Renault,Mégane,compacto,31781721-E
PM-5597-RG,WDB6DNHP4TF3D2YKA,1996,Mercedes-Benz,Clase C,deportivo,32214675-R
1008 MDS,VSSV39HNAP1KGL6TR,2023,SEAT,León,compacto,32214675-R
3806 DFF,VF15EZ88C4AJTS3YF,2004,Renault,Laguna,berlina,53499723-K
1471 CCH,WAU6WND4V2BAEMVP1,2002,Audi,A3,deportivo,53499723-K
LO-3646-UU,WVW3L2ZA6RTRKV3MF,1994,Volkswagen,Golf,descapotable,53499723-K
6937 FRC,VF7ULDSP27KD5ZGB6,2007,Citroën,C4,deportivo,80507771-C
2652 BVW,SB10YANFT219UC6FM,2002,Toyota,Corolla,compacto,80507771-C
7434 BVW,SJNK7LVHN2UKM3F9L,2002,Nissan,X-Trail,SUV,27530484-J
1610 CVR,VSSC7VA4K4USVVN7X,2004,SEAT,Ibiza,deportivo,27530484-J
MA-3105-GL,SJN2Y93DJMUJ77AL4,1991,Nissan,Micra,urbanos,27530484-J
4893 DCH,TMAN9MTJV4YPEYY3N,2004,Hyundai,Tucson,SUV,28190488-D
8746 HDR,KNA6LCAEUBCT30T1N,2011,Kia,Sportage,SUV,28190488-D
5510 HRX,WF09A7J6YDM0NB5SS,2013,Ford,Fiesta,deportivo,25265402-V
6604 FSJ,SB1PJRYWL7KUFRZC5,2007,Toyota,Corolla,compacto,25265402-V
2191 GNY,ZFAE96YM39AERVKYY,2009,Fiat,Panda,urbanos,25265402-V
CU-7398-MD,VF1LPGC6GS52F9C76,1995,Renault,Mégane,deportivo,55550431-A
2642 JJH,YV1PF7HHVFEYU58HJ,2015,Volvo,XC90,todoterreno,55550431-A
TF-1188-HP,KNA7ZRDVTP4DUAXHJ,1993,Kia,Sportage,SUV,55550431-A
4564 CSS,SJN51FYHU4FC673CR,2004,Nissan,Micra,urbanos,33492202-Q
V-8632-DU,SB1VT38Z8NNHSUBXJ,1992,Toyota,Corolla,compacto,46758917-D
6713 KRJ,WF0SFV51GJZ3ZHRPY,2018,Ford,Fiesta,urbanos,46758917-D
6679 GWV,WAU1PC5D4AXAXVRY6,2010,Audi,Q5,SUV,47785495-M
4400 GSC,WDBYMW24L9R7HWZ1B,2009,Mercedes-Benz,Clase C,descapotable,47785495-M
8239 LHG,WVWD674CALWPX14KX,2020,Volkswagen,Golf,deportivo,77772107-E
6220 CGJ,JMZNEAD853S5V4SJZ,2003,Mazda,Mazda 2,urbanos,77772107-E
7855 JPK,TMBF9VHVAGCU9ZS22,2016,Skoda,Fabia,urbanos,46526169-K
9108 KFC,WAU7NKF0THM6GCB5N,2017,Audi,A1,urbanos,46526169-K
5975 HCB,TMAM0PAT1BZGKH6AB,2011,Hyundai,i20,urbanos,46526169-K
8733 DRG,JMBE8N3FC5JGLGX0C,2005,Mitsubishi,Outlander,SUV,95888510-S
2295 HZL,WF0HMAC4LEE9W0S21,2014,Ford,Focus,berlina,95888510-S
8075 GVM,WVW2W62XMA0Y8M02Y,2010,Volkswagen,Tiguan,SUV,95888510-S
3921 MJR,SB1JR2LSPP0EBEXS1,2023,Toyota,Corolla,sedán,81039518-F
1890 MWV,JMBZU13MMRE1ZZG68,2024,Mitsubishi,ASX,SUV,81039518-F
3499 BRT,TMBHC54ZV1G4SLT4X,2001,Skoda,Fabia,urbanos,81039518-F
1917 MXP,WDBK4ZZV8RYEP0WHR,2024,Mercedes-Benz,GLA,SUV,29809451-W
J-9422-WF,SB14Y4VSVMWS1M7P7,1991,Toyota,Corolla,compacto,73966737-W
4936 KZY,JMZVV82FFKGUB25RZ,2019,Mazda,Mazda 2,urbanos,31743302-J
3825 BDR,WF0XCU46GY4RG1KFU,2000,Ford,Mondeo,sedán,51363766-M
8473 GNY,VF7USXKZD9Z38GD3U,2009,Citroën,Berlingo,monovolumen,46226132-L
ML-4950-OG,VSSRD3XZVL1VS05RX,1990,SEAT,Ibiza,deportivo,46226132-L
3299 KJV,UU193M1KZJ4DVVFBD,2018,Dacia,Duster,SUV,46226132-L
8647 GKS,VF10WPRMF9SHM8LHR,2009,Renault,Laguna,berlina,11529907-F
8975 GWC,VSSA7SS8JA3SEZ6BB,2010,SEAT,Toledo,berlina,11529907-F
BU-7675-FC,WBAR9L8PELH7REUY3,1990,BMW,Serie 3,berlina,76318383-J
7008 HGC,SB1D2H1WKBSCA1P9A,2011,Toyota,Corolla,sedán,76318383-J
3706 JCK,JMZF6BAP2F4MNKCL6,2015,Mazda,CX-5,SUV,76318383-J
8289 HYD,ZFAN51X5MEZBH5HHJ,2014,Fiat,500,descapotable,90198662-E
7592 HGM,TMBEFWA10BS5K8LZJ,2011,Skoda,Octavia,compacto,90198662-E
1852 BDR,WVWFTUTBRY6NEV46H,2000,Volkswagen,Passat,sedán,90198662-E
9569 MJB,WF0DHV3N8PJ966H2F,2023,Ford,Kuga,SUV,46517595-A
5827 BMF,SB1UWYUEM1GTDZYK5,2001,Toyota,Yaris,urbanos,46517595-A
H-4894-FG,SJN39CZTJNPG6FHBP,1992,Nissan,Micra,urbanos,46517595-A
4419 CCH,VSSX3EB7M29APZMKF,2002,SEAT,Toledo,sedán,58269670-K
1077 HCR,W0LTYVM8HBB656ZZY,2011,Opel,Astra,compacto,58269670-K
2251 MXP,WDBPB5TM7RSW551WK,2024,Mercedes-Benz,Clase A,compacto,62611002-B
6524 FWC,ZFAYTN0G27X3HU5HT,2007,Fiat,500,deportivo,21808190-G
6473 LCY,TMBC502WZK8HPY7W4,2019,Skoda,Karoq,SUV,18085178-W
6464 CNK,VF1BC6XKJ3AGR4BSK,2003,Renault,Laguna,berlina,18085178-W
8435 GHG,KNAE506D78K9J3PGW,2008,Kia,Rio,urbanos,18085178-W
9383 HSK,TMA43DEMXDP45939R,2013,Hyundai,i30,compacto,66089654-M
CR-3871-CB,WDBXT8ZJWWWPNKW7J,1998,Mercedes-Benz,Clase C,descapotable,55975218-A
PM-9897-JU,VF7RZPU5FVAXLGJ2B,1997,Citroën,Berlingo,monovolumen,13811869-R
5065 KCV,SJNB67R2CHK3V8FNA,2017,Nissan,X-Trail,SUV,12878716-G
3040 JBL,WBAYRMCNYERKHNPP7,2014,BMW,X3,SUV,12878716-G
3055 GBN,VF7XBF6UU8TR4ZYC7,2008,Citroën,Berlingo,todoterreno,12878716-G
2409 BPG,JMB1YREV91CAM4PU2,2001,Mitsubishi,Outlander,SUV,99436985-G
4519 LWR,TMAMH1DKNNGCRS0GC,2022,Hyundai,i10,urbanos,90901912-R
6428 HLW,JMBES28G2CV2ME44W,2012,Mitsubishi,Outlander,todoterreno,63672184-L
V-4294-BG,ZFAVPHJT9XSPDV8LT,1999,Fiat,Panda,urbanos,63672184-L
1819 DTB,JMZL9GM0U506GYD98,2005,Mazda,Mazda 3,compacto,63672184-L
4044 GMN,SJN4625129HC700E2,2009,Nissan,X-Trail,todoterreno,96470934-X
HU-1219-JX,WF03AAKX9R95CLE7R,1994,Ford,Mondeo,sedán,99701873-R
8916 HJM,JMZW5M4DACNWNCDUS,2012,Mazda,Mazda 3,deportivo,99701873-R
4906 HFT,WAU2T6YH3B8VHB87J,2011,Audi,A3,compacto,62377752-G
LE-9368-NA,SJN4D25KLMTWU0625,1991,Nissan,Micra,deportivo,62377752-G
GI-7570-ZC,WVWTGBTCYTL9K47DM,1996,Volkswagen,Golf,descapotable,62377752-G
4596 GGV,JMBWEMSGD8WWVZENN,2008,Mitsubishi,Outlander,SUV,14481223-D
TO-9331-RF,SJN61X0LPTTDMV94T,1996,Nissan,Micra,urbanos,96129019-J
5379 BFJ,W0LKSFMA91C3KVMMY,2001,Opel,Astra,compacto,96129019-J
5468 GYM,VF3A2JL18AVD0GH7Y,2010,Peugeot,3008,SUV,21167494-L
TE-2152-PK,WF07NFS78X54BCDGK,1999,Ford,Mondeo,berlina,63240492-Z
MU-9497-EF,VF1J61S0LTA6FYFA5,1996,Renault,Mégane,deportivo,63240492-Z
4756 JCY,ZFADVBE8KFUCR1WVV,2015,Fiat,Tipo,berlina,63240492-Z
7666 GVM,VF328RN8ZAFWYEEDG,2010,Peugeot,5008,SUV,68935325-R
5537 LVV,JMBV1HUDVMYAZDRPH,2021,Mitsubishi,Eclipse Cross,deportivo,79585026-N
5506 FWC,TMAYPUJE97FDB0KA5,2007,Hyundai,i10,urbanos,79585026-N
2398 LMX,TMAZ24LBAMX4ZYKFF,2021,Hyundai,i10,urbanos,33221043-G
3697 HZB,VF18DXB9NE7XD7CJE,2014,Renault,Mégane,deportivo,33221043-G
9933 GHG,TMAKFC3LX8VH137X3,2008,Hyundai,i30,compacto,65877668-X
3807 MPL,KNAPFG9JXRJMM86M3,2024,Kia,Rio,urbanos,21668539-D
3180 GMN,UU1B0C65R9AHXFY4A,2009,Dacia,Sandero,urbanos,21668539-D
8721 GMN,TMBX04TA9980HXTFH,2009,Skoda,Fabia,urbanos,21668539-D
SE-1011-GF,SJNNCDU9JV20G1SHL,1997,Nissan,Micra,deportivo,40512131-T
3284 JCY,JMBYRAAU1F8WUUMNB,2015,Mitsubishi,ASX,SUV,20337606-V
TE-4920-HR,KNA6S57DVRTUPTKBN,1994,Kia,Sportage,SUV,84246767-K
5834 CXT,JMZUZ07U84WCG2W53,2004,Mazda,Mazda 3,deportivo,84246767-K
PO-2428-VP,WVWN8FUY0SF48CLRN,1995,Volkswagen,Passat,sedán,45675570-P
4314 JMY,WDBHBNLGMG2YLG8SM,2016,Mercedes-Benz,GLA,SUV,45675570-P
CR-3808-TB,SB1KPGXLSLJU0DY0U,1990,Toyota,Corolla,compacto,45675570-P
4609 KZK,WF0ADJRHLKKEGJYN4,2019,Ford,Mondeo,sedán,98060978-H
CA-5010-SH,WVWBAP15PPH3KP8Z2,1993,Volkswagen,Golf,descapotable,58942426-G
5439 HXN,VF7WP04ZDEV3810WS,2014,Citroën,C4,compacto,58942426-G
1218 BBJ,TMBZ58HTMYH0WS26P,2000,Skoda,Octavia,berlina,33982625-X
9474 GBN,TMBBWEMSX8TVB7Y1X,2008,Skoda,Octavia,berlina,33982625-X
8734 JNR,SB17ZEHS8GZ63CK1R,2016,Toyota,Yaris,urbanos,44828252-X
CO-5125-MX,WDBH8VRKSP2AVAHSA,1993,Mercedes-Benz,Clase C,descapotable,59725102-J
GR-4836-JT,ZFAN1PECWPU0KYYAA,1993,Fiat,Panda,urbanos,59725102-J
6085 KGN,VF14GWAT2H5Y2RWXK,2017,Renault,Kadjar,SUV,18085193-V
TO-6232-YE,YV17X616TW0KSAK3V,1998,Volvo,V40,compacto,99036617-C
9310 NCJ,JMBRRH165SXY3TS6W,2025,Mitsubishi,Eclipse Cross,deportivo,96662663-B
TO-9813-HU,WF0JXN1N4VJXXH1JS,1997,Ford,Fiesta,urbanos,96662663-B
4235 KKR,WAUVNFCR8JTB6B62E,2018,Audi,Q5,SUV,42859742-R
3488 JFG,VF1CJN20LFX1JLC0H,2015,Renault,Captur,SUV,85853328-D
5107 CHF,WF0DHRS7L3R55C93L,2003,Ford,Mondeo,sedán,63720506-H
1977 LWD,VF3A2LXB2NLVHXD56,2022,Peugeot,208,urbanos,63720506-H
A-2774-CA,WVWE2A7F9RNTZ81BY,1994,Volkswagen,Passat,sedán,63720506-H
4561 KGN,WAUA6C2SKHD68WW9M,2017,Audi,A3,deportivo,36581733-A
9258 KKR,KNAV8FBMPJNAHAXW3,2018,Kia,Stonic,SUV,36581733-A
9843 JYB,WBALXUA73HX51HWDB,2017,BMW,Serie 1,deportivo,36581733-A
4253 BZF,WAUHP0PV42LH2HXHR,2002,Audi,A3,deportivo,14312536-G
OR-4692-BL,ZFA6CFB92LEJA6RDV,1990,Fiat,Panda,urbanos,76711877-T
7621 FXB,WAUPHE9M27F87YZZS,2007,Audi,A4,berlina,76711877-T
GR-5979-BW,WBAL3K19NLL732J72,1990,BMW,Serie 3,cupé,23702936-X
8785 LWD,WVWKM0CTENGJDBHY3,2022,Volkswagen,Golf,compacto,23702936-X
4037 LSR,WVWGF7S5RM64X7TW0,2021,Volkswagen,Passat,berlina,24459458-Q
5376 GXP,VF1169KHMA1Z780P6,2010,Renault,Clio,deportivo,21582585-Y
6510 CDV,WBAD1PFRL3R98X8W9,2003,BMW,X3,SUV,21582585-Y
8073 LJD,JMBYUUAN9LEV1NCE0,2020,Mitsubishi,Eclipse Cross,deportivo,20234669-M
5313 CSS,WVWK1L8PM4MBFD153,2004,Volkswagen,Golf,compacto,78094132-R
5078 BCY,TMBUVX6M7Y9PGE4JP,2000,Skoda,Fabia,urbanos,78094132-R
8720 JJH,VF12RD4T6F2RLR7SA,2015,Renault,Laguna,berlina,78094132-R
8909 JGR,VF709A9GTFEGR50XF,2015,Citroën,C3,urbanos,88161814-P
SE-6674-KG,WAUKCGFE6TGDKNDCB,1996,Audi,A4,sedán,47605472-A
CC-7130-AG,W0LNCX6FJM3343MMX,1991,Opel,Corsa,urbanos,67973130-B
4973 MDF,WVWM95G10N49HMFHB,2022,Volkswagen,Tiguan,SUV,67973130-B
2821 KSS,VSS5P4139JHLB6B7J,2018,SEAT,Arona,SUV,67973130-B
OR-3123-YE,W0LWV0Z8PSHYX5UZ3,1995,Opel,Astra,compacto,69282130-N
9397 KHG,TMAH7FUP2JHCPHLRL,2018,Hyundai,i10,urbanos,69282130-N
3365 GTS,WBA30BH8SAB5A9DWN,2010,BMW,Serie 3,deportivo,77675807-T
8853 MKD,TMBDSNCLSPCJV7JDM,2023,Skoda,Karoq,SUV,83663787-E
3781 MWD,WAU02P2XHRWMJKDYX,2024,Audi,Q5,SUV,83663787-E
GC-4147-ST,TMB6EX8P0XA1P8DMF,1999,Skoda,Fabia,urbanos,17982900-M
9177 BRB,JMB53YLVP1YGKA6XA,2001,Mitsubishi,Outlander,todoterreno,17982900-M
4042 GBN,SB1J7VUKE8GCNLE8A,2008,Toyota,RAV4,todoterreno,89760918-Z
8595 LTD,JMZNTH1W1MR3U836B,2021,Mazda,CX-5,SUV,16862626-S
4998 GMN,WF0JGU5929U6MTNC7,2009,Ford,Kuga,SUV,16862626-S
6420 MBN,VF1ES5XL7NVCGKUFZ,2022,Renault,Mégane,deportivo,95693355-S
T-4502-WI,VF1MN9H5ZML9C7J22,1991,Renault,Clio,urbanos,28166230-Q
2228 GGV,WF0TF6ML38UWXS2PC,2008,Ford,Focus,compacto,28166230-Q
MA-6333-IC,WVWAVVL3WN6XNUCZS,1992,Volkswagen,Passat,sedán,28166230-Q
M-7655-XD,SJN0A3119L1LFAYYA,1990,Nissan,Micra,deportivo,94831271-V
8169 LPD,VF7X45NNFMT7YUTHC,2021,Citroën,C4,compacto,55663015-W
9419 BLC,ZFAY8KA061UZWM9CV,2001,Fiat,Panda,urbanos,55663015-W
BU-1943-JT,WVWW71B9HL41345BT,1990,Volkswagen,Polo,urbanos,66439769-Z
8841 MYF,WVWZ5MAD1STD53LNF,2025,Volkswagen,Tiguan,SUV,66439769-Z
8746 CKB,KNAL50DT23SJ2RVJV,2003,Kia,Sportage,SUV,84876751-N
1588 KFC,JMBHHLMDTH58ANMFH,2017,Mitsubishi,Eclipse Cross,deportivo,84876751-N
6955 HFT,SJNTAMHSYBWW40CES,2011,Nissan,Qashqai,SUV,84876751-N
1237 LHG,W0L3L8J70L6W6PTEF,2020,Opel,Insignia,berlina,86801969-S
9923 GCK,SJN50AA0K8641P3A4,2008,Nissan,Micra,deportivo,86801969-S
5138 KVX,JMBELX319KN9PFDC0,2019,Mitsubishi,Eclipse Cross,deportivo,86801969-S
A-5287-SM,WVWCKSWW9XD0S3W3L,1999,Volkswagen,Polo,urbanos,84368825-H
7818 MWV,ZFAFSVK1HRVL6VWK9,2024,Fiat,500,descapotable,74126658-G
7030 JPK,WVWBYR4FSGK6FTUNY,2016,Volkswagen,Polo,deportivo,74126658-G
CA-8977-AW,ZFAZARDGBLFNBSC4Z,1990,Fiat,Panda,urbanos,69758708-F
3201 DHZ,SJNG770RL58DVYTYB,2005,Nissan,X-Trail,todoterreno,69758708-F
S-5648-JE,VF16LC4RTL9FAKNXM,1990,Renault,Clio,deportivo,91506133-N
2703 DVB,JMBZV3B9G5JU6H4BC,2005,Mitsubishi,Outlander,todoterreno,91506133-N
4277 KPD,TMB3E6D8UJ96SH1JZ,2018,Skoda,Karoq,SUV,43818954-K
3143 FJD,WVWBC6WR96UPFJLH1,2006,Volkswagen,Passat,berlina,61588143-P
2335 MSS,SB1JY5M16R5G60NL3,2024,Toyota,Corolla,sedán,61588143-P
SO-8375-YQ,W0LH24LBAW8UVS2Z5,1998,Opel,Astra,deportivo,60592093-L
CU-6547-RF,WVWC9P5AKWNF5C84P,1998,Volkswagen,Passat,sedán,12751925-N
MU-2122-HU,VF1USWZFKTJ8JLGL5,1996,Renault,Mégane,berlina,12751925-N
T-1226-GT,VSS3633W8LZXGXR2P,1990,SEAT,Ibiza,deportivo,12751925-N
LU-9382-EQ,WDBFA5C53XGD05Y6T,1999,Mercedes-Benz,Clase A,deportivo,17163079-L
9963 BHG,VSS42UWTJ17FDHMDC,2001,SEAT,Ibiza,deportivo,17163079-L
6918 GXP,KNADKTDE8AFNHTALY,2010,Kia,Rio,urbanos,88476512-C
MA-2409-ES,SB149WJT2RTZ76Z3P,1994,Toyota,RAV4,todoterreno,88476512-C
J-7239-JI,WVWRP6ZJ3SNLSXVH6,1995,Volkswagen,Polo,deportivo,77647589-A
8170 CRC,VSSCNNYKX3463LH9F,2003,SEAT,León,compacto,16562320-C
6190 JRZ,JMZLDVL2CGW9A3S4X,2016,Mazda,Mazda 2,urbanos,85301018-K
9392 HCB,W0L2RPW7CBJP3RY6D,2011,Opel,Corsa,urbanos,78009425-A
3211 LGG,KNAFGAFC0LS8GWBH8,2020,Kia,Ceed,deportivo,78009425-A
5005 HZL,WBABHNY4SED60XTUK,2014,BMW,X3,SUV,92119335-B
5115 HDC,UU1T8DXW0BZC5CRN9,2011,Dacia,Duster,SUV,92119335-B
PO-5929-LQ,WDBDUWBYAS5HRKY6M,1995,Mercedes-Benz,Clase C,descapotable,92119335-B
7090 BBJ,VF7GZYVPFYLWNVK22,2000,Citroën,Berlingo,todoterreno,60763930-T
GU-9795-AQ,W0LAAUW4WWMAV6L9L,1998,Opel,Astra,compacto,60763930-T
8061 FTP,WBAK3PKN17M97B049,2007,BMW,Serie 3,descapotable,60763930-T
7821 BCY,SB1SD301VY9VAY818,2000,Toyota,Corolla,sedán,78320247-A
OR-6401-LY,WF0S59BUJXR0ZMGKG,1999,Ford,Fiesta,urbanos,28800291-J
4898 LMC,TMBA6GRLSL2Z80GJX,2020,Skoda,Octavia,berlina,69710301-S
7687 HWM,TMAPB6BDMEAAP837E,2014,Hyundai,i30,compacto,69710301-S
M-8263-YV,W0LW2N8NGRZNGN7LH,1994,Opel,Astra,compacto,69710301-S
AL-7157-IS,W0LW9GUFUPG53MUK4,1993,Opel,Corsa,urbanos,90627000-P
4744 GJV,VSSU324ET82YPTUWL,2008,SEAT,Toledo,berlina,90627000-P
H-2796-RN,WF0VJBZG2NC1LZ9ZA,1992,Ford,Fiesta,deportivo,90627000-P
2737 BBJ,SB13BM1WRYW8THPFU,2000,Toyota,RAV4,SUV,82947689-Y
7089 CNK,KNAAL4FTR3C3LTLCS,2003,Kia,Rio,urbanos,82947689-Y
SA-9873-MS,TMBGU13K3W5N8P231,1998,Skoda,Octavia,compacto,82947689-Y
2524 MJR,SB1JTYGC0P9357ZDY,2023,Toyota,Yaris,urbanos,87635298-P
1312 HXN,SB1T1P80LEF40N0WA,2014,Toyota,Yaris,urbanos,87635298-P
8790 LLJ,JMZSALML5L75GWA38,2020,Mazda,CX-3,SUV,78128772-A
NA-1010-HX,VSSKR0M6PSJHEVLKG,1995,SEAT,Toledo,sedán,88782808-W
9201 HCR,UU1Z2KZL9BWAYVFJ9,2011,Dacia,Sandero,urbanos,29359378-Q
5238 JBY,VF7WW20DME26FGS3V,2014,Citroën,Berlingo,monovolumen,29359378-Q
L-7699-WM,VF1S932P9VJA98U2Z,1997,Renault,Mégane,compacto,29359378-Q
5925 BZV,WF05NXY472NRX39JF,2002,Ford,Focus,deportivo,53866366-K
1075 KLN,WBAUN3UM8JPA0GVBY,2018,BMW,Serie 1,deportivo,53866366-K
TO-2926-IW,WAUUG85HDR2YJ5J0J,1994,Audi,A4,berlina,11734618-H
CU-8718-ME,WVWTSNE3EVBTWK6K0,1997,Volkswagen,Passat,berlina,11734618-H
1729 MFG,W0LBRDFKVPA3VPJAU,2023,Opel,Corsa,urbanos,26014064-Y
1185 JTB,VF70L4UG1GFL2VFFN,2016,Citroën,Berlingo,monovolumen,26014064-Y
PM-1485-BH,VF1VEHU06LAP3KBME,1990,Renault,Clio,deportivo,31240241-P
AV-3791-ZO,VSSH914FAMJVP5H1Z,1991,SEAT,Ibiza,urbanos,31240241-P
8673 DWT,VF1PJ10KN63LSM2KW,2006,Renault,Mégane,berlina,85428581-A
6958 GZT,VF7VUGUJ6A5MDDDR9,2010,Citroën,C3,urbanos,85428581-A
7142 FCJ,W0LVNSTLP6GJRXXSG,2006,Opel,Corsa,deportivo,79703318-S
7479 FSJ,WAUR4S1ZR7C47ECRP,2007,Audi,A3,deportivo,79703318-S
MU-6220-RW,WF0449UF8R44DDZ45,1994,Ford,Mondeo,berlina,79703318-S
2928 BCY,WF0ULZWUUYUWKJZ89,2000,Ford,Mondeo,sedán,91377034-N
7894 KCV,JMZ68RTGAH89JVZ91,2017,Mazda,Mazda 2,urbanos,54151002-D
4965 CGJ,WVWJWKTF832ZJESSS,2003,Volkswagen,Passat,berlina,22387539-Y
LO-6011-UB,WF05Y2HJWXJG9MESA,1999,Ford,Mondeo,sedán,22387539-Y
6394 MCR,SJNS3WRE0NP27966K,2022,Nissan,Qashqai,SUV,41850856-X
SO-9369-VI,ZFA5FVT4SMU07KRJL,1991,Fiat,Panda,urbanos,41850856-X
9432 FKY,ZFAB57SKJ71GY8M7H,2007,Fiat,Panda,urbanos,41850856-X
4110 NFC,TMA3RRJRESKSR71TP,2025,Hyundai,i10,urbanos,29367040-L
6568 DLD,JMZ53SJGS5HHL4174,2005,Mazda,Mazda 2,urbanos,72109241-D
ZA-8732-KH,WVWT7EN3UN9ZZX3DL,1992,Volkswagen,Passat,sedán,72109241-D
8299 GWC,VF7F79R48AREEG990,2010,Citroën,Berlingo,monovolumen,72109241-D
9307 BMF,WAUE5V82H1NRJAUD5,2001,Audi,A4,sedán,17544877-V
2591 JRG,TMBWMP0D9GNNTDAAP,2016,Skoda,Kodiaq,SUV,17544877-V
4276 FCJ,VF7PPBVL263Z5CZNN,2006,Citroën,C3,urbanos,63270267-G
7498 KFC,WBAHNWDSLH2WW3B4D,2017,BMW,X1,SUV,63270267-G
4843 LFH,JMBXJFZ6GLRTRZZ6J,2020,Mitsubishi,Outlander,todoterreno,63270267-G
1708 MWD,SB1HT46GVRDKD08SP,2024,Toyota,Yaris,urbanos,61024052-S
SE-3989-FY,WVWKL83R1WECZF5F5,1998,Volkswagen,Golf,deportivo,61024052-S
4896 HVZ,VF1YLNX4BEBDHVSUM,2014,Renault,Captur,SUV,61024052-S
1308 BDR,TMBAVW1HEYRGXH69P,2000,Skoda,Fabia,urbanos,76458590-N
VA-8475-MK,W0LUCJYR1PY0X4ZBT,1993,Opel,Astra,deportivo,76458590-N
TE-7076-JC,WF0FN07PLTUEJMZV8,1996,Ford,Mondeo,berlina,76458590-N
GC-6645-RZ,WVWEBM62LTH7YXMPW,1996,Volkswagen,Polo,deportivo,23861854-K
9240 GLC,W0LZGHMW59Z3H6EYL,2009,Opel,Insignia,berlina,23861854-K
8633 KDK,VF7ABNX3HHKVPFPY3,2017,Citroën,C4,compacto,23861854-K
4580 LSG,WDB9DJWADM3UJWYJ3,2021,Mercedes-Benz,Clase C,berlina,18003842-V
V-7017-BW,WF0UMCKLWPK53N5Y3,1993,Ford,Mondeo,berlina,18003842-V
3008 GTC,WBAEA1GG0ANZND0PC,2010,BMW,Serie 1,compacto,26232905-W
3930 GTC,VF1NB21J1AW5KJBU3,2010,Renault,Mégane,berlina,26232905-W
A-9446-PE,W0LH4T8URM9K0PC0T,1991,Opel,Corsa,deportivo,26232905-W
3102 GGV,WAU7MTACR868DFRFR,2008,Audi,A4,berlina,94152981-C
4297 HMD,WF0AVATJ6CGCDJWP5,2012,Ford,Kuga,SUV,91414342-Z
1971 JCY,VF38PP4J3F9M67GKX,2015,Peugeot,308,compacto,28831106-P
8310 LHG,VF39RYNV9L1FF8H7S,2020,Peugeot,5008,SUV,92301971-G
1826 MNT,UU16HY3SWRC38JGZM,2024,Dacia,Sandero,urbanos,66417370-V
C-9029-LU,ZFA6G0A06T3NDAG18,1996,Fiat,Panda,urbanos,66417370-V
GI-5081-ZG,WBAERG01CPBY0RJDE,1993,BMW,Serie 3,berlina,66417370-V
BI-6761-AF,ZFA0SDETPSVAGZDY1,1995,Fiat,Panda,urbanos,37184344-Z
1073 CMM,VF7WGBWRX3XRCHJF8,2003,Citroën,C3,urbanos,73887404-L
9953 BWT,TMBTVNKHN2S5CB5A0,2002,Skoda,Fabia,urbanos,73887404-L
NA-7014-KZ,WVWA2GMFVX33FKV4S,1999,Volkswagen,Polo,deportivo,73887404-L
SO-2186-TH,WBA2MK7TMPLG123RX,1993,BMW,Serie 3,berlina,53129835-L
1684 JFG,SJN800YU3F3UX3T2M,2015,Nissan,Qashqai,SUV,53129835-L
4299 HZB,VF7AJUB2WEPUVT7V1,2014,Citroën,C4,deportivo,47984508-E
6380 JMF,WVWZ3K5VFGDXEUEEX,2016,Volkswagen,Golf,compacto,47984508-E
2314 FKC,TMBDPACVN6D46Z28F,2006,Skoda,Octavia,compacto,47984508-E
5748 JFG,TMA7VEF0AF9115WAW,2015,Hyundai,i20,urbanos,62192528-E
5312 HMT,SJN4AXHYSC065U47H,2012,Nissan,Micra,deportivo,62192528-E
5228 GNF,WVW40Y3Y39NDP9WV3,2009,Volkswagen,Tiguan,SUV,62192528-E
5004 JRG,UU1J2LLXRG2MTU009,2016,Dacia,Lodgy,monovolumen,19662440-Q
9940 KBM,W0L41PPPEHWALAS5K,2017,Opel,Corsa,urbanos,19662440-Q
8515 LGG,UU1Y45KL8LX6ZYN9L,2020,Dacia,Sandero,urbanos,19662440-Q
2299 HWY,SJNYJTSL2ES1PU83Z,2014,Nissan,Qashqai,SUV,76431370-R
3177 FTP,VF7HR6XMJ7SV6WFFD,2007,Citroën,C4,compacto,76431370-R
CS-2042-PJ,TMB4UTW9WV6J8EC2M,1997,Skoda,Octavia,berlina,76431370-R
4683 GZT,WF0N8H1SRA8BTUG4X,2010,Ford,Kuga,todoterreno,91652153-M
1140 LYZ,VF130RH1SNY7Y2ARW,2022,Renault,Mégane,compacto,19998557-B
AB-8241-ZS,WVWMUZWTZW17VTZYM,1998,Volkswagen,Golf,descapotable,19998557-B
HU-1790-KN,SB1NHD1CMS1VBS2KN,1995,Toyota,RAV4,SUV,84098461-L
8781 FHD,SB19YUA3T6L2N5Z85,2006,Toyota,RAV4,todoterreno,98602440-Z
MA-5690-AA,WVWCJVJ21TSNNNXKZ,1996,Volkswagen,Polo,deportivo,98602440-Z
CU-7429-GE,ZFASHD6YHN5MV4G1Y,1992,Fiat,Panda,urbanos,46529014-Z
BI-2746-NU,WAUGNLDCRWGZDLPAB,1998,Audi,A4,berlina,46529014-Z
9203 HZL,YV1J0W2CPEZY320RC,2014,Volvo,XC60,SUV,46529014-Z
8874 FCJ,SB1D4E2VT6LF7VSK7,2006,Toyota,RAV4,todoterreno,43503007-W
1755 HWY,SB1ZDNG0DEK3BV22K,2014,Toyota,Yaris,urbanos,43503007-W
SA-4004-LI,WF0ZHCBVAR3SNGULH,1994,Ford,Mondeo,berlina,52265633-L
CS-1578-FD,VF19HCY6HVYHBD3EA,1997,Renault,Mégane,deportivo,52265633-L
2564 CGJ,WDB5NHVGV3FXAD9WJ,2003,Mercedes-Benz,Clase C,deportivo,19256197-E
7754 BMW,SJN6JPY9D13CJ1EDL,2001,Nissan,Micra,deportivo,97920808-X
CC-7938-VX,SJNU5DTSTP4BG4356,1993,Nissan,Micra,deportivo,97920808-X
6418 GYM,WAU5SWJNTAHWG840F,2010,Audi,Q5,SUV,97920808-X
B-3664-QZ,VF1V4MWKNN138PLRH,1992,Renault,Clio,deportivo,25572339-L
P-4289-QA,WDB7SLNN0VKNRE8J7,1997,Mercedes-Benz,Clase C,deportivo,25572339-L
H-7858-XF,VF12X4F96LBF4VZ3B,1990,Renault,Clio,urbanos,25572339-L
2889 KVB,SJNGJXB95K48837AH,2019,Nissan,Qashqai,SUV,70953841-Z
1249 CRC,VF1MJCPWJ30KP47HV,2003,Renault,Laguna,sedán,24094373-X
L-5649-NV,VF1ZCN3HKRBLWFURV,1994,Renault,Laguna,sedán,24094373-X
4115 BRB,WVWP5UHH71RFWHNYU,2001,Volkswagen,Passat,sedán,41506280-C
9458 GHT,TMBKUG1K68X8K3YTW,2008,Skoda,Fabia,urbanos,41506280-C
9925 CTT,SJN4VFW1V4KETWSNA,2004,Nissan,X-Trail,todoterreno,41506280-C
8327 DLD,W0L2W7F8P5M6NEG26,2005,Opel,Astra,deportivo,82082204-B
3451 MRD,WAUBN4UU6R5B19BVT,2024,Audi,A3,deportivo,82082204-B
7672 LFY,WBACU6W7CL9U140L2,2020,BMW,X3,SUV,82082204-B
6754 CDC,KNA2HAZE92H47XDBH,2002,Kia,Rio,urbanos,70294900-T
2017 BZV,TMBLPR5J02H0LJ9CE,2002,Skoda,Octavia,berlina,80184291-N
7988 JLN,VF1K4YHV9GJL4VGE2,2016,Renault,Captur,SUV,80184291-N
CE-1074-UO,WVWZ5WZ42T8F15SY4,1996,Volkswagen,Passat,berlina,96378119-T
7220 DMJ,YV11YW82T5ZM3TYWT,2005,Volvo,V40,compacto,14824116-H
8815 BNL,TMB1XPAKH1PS9S9P0,2001,Skoda,Fabia,urbanos,84936742-L
8178 DYY,WBA9HFN6N61VAUG3F,2006,BMW,Serie 1,deportivo,84936742-L
4288 BMF,VF1JCFSB51554XX8S,2001,Renault,Clio,urbanos,69685152-M
5752 HDC,TMBF8HMFCBFFY04Z9,2011,Skoda,Fabia,urbanos,11865167-L
7696 CFM,KNA5B54R939LZE7RH,2003,Kia,Sportage,SUV,11865167-L
AB-4741-LL,KNA37VVEMW3V4U9MC,1998,Kia,Sportage,SUV,11865167-L
5440 BTF,VF7WWRJY82N6LU3U5,2002,Citroën,C3,urbanos,37210329-D
HU-8883-XU,ZFARCLH0GPH75T6EG,1993,Fiat,Panda,urbanos,58133147-A
9122 JGR,WF0GS8K66FFVC7MBA,2015,Ford,Mondeo,berlina,58133147-A
9457 LTD,JMZZ9B7REMT80CNSD,2021,Mazda,CX-5,SUV,93581337-H
H-6599-CI,VSSFXUEW1MDMECUE5,1991,SEAT,Ibiza,urbanos,93581337-H
VA-3153-YU,WBAR6HGFNLRKFPRM9,1990,BMW,Serie 3,descapotable,51251682-T
PM-9291-SF,SB1PYR0GCLCHRSXA8,1990,Toyota,Corolla,sedán,51251682-T
4615 JZP,JMBYCURBMHL49YCE2,2017,Mitsubishi,Outlander,todoterreno,21498254-Q
6356 GHG,KNAUE0NCL8RP36J1C,2008,Kia,Sportage,SUV,49410101-Y
4975 DWT,YV1PZFZMX6FU0KXJR,2006,Volvo,XC90,todoterreno,49410101-Y
4589 LYJ,VF1CR4ENXNY4FMNV1,2022,Renault,Captur,SUV,49410101-Y
CS-7011-DT,VSSDT7VGHN0F2E1KN,1992,SEAT,Ibiza,deportivo,12100829-T
5273 BPG,WBA4PTJ5310JLWZNU,2001,BMW,Serie 3,descapotable,83005080-N
7865 DNP,VSS85TZY75TYNJVY7,2005,SEAT,León,deportivo,61491037-P
B-3088-WQ,VF1NU75VXWF8GCXMD,1998,Renault,Mégane,berlina,61491037-P
2452 MYW,UU1RL6FPSS2B8X65W,2025,Dacia,Sandero,urbanos,70980795-N
2816 JKK,TMBYLHVU5FBZ1DGM1,2015,Skoda,Octavia,compacto,70980795-N
1990 GHT,JMZWFSSVY81JHEYEE,2008,Mazda,Mazda 3,deportivo,32064579-A
3729 HFT,WAU4U3FN7B0F4T2AM,2011,Audi,A4,sedán,32064579-A
7483 LJD,VF7UD4YNXLBT9PBXR,2020,Citroën,C5 Aircross,SUV,32064579-A
3192 NCJ,JMZFKZ8ZPSK04AZME,2025,Mazda,Mazda 2,urbanos,79325344-T
4187 CNK,VF7ZHG1TV31TC8TLV,2003,Citroën,C3,urbanos,46952484-P
AB-5487-QG,SJNX7T4LBWET5MMRY,1998,Nissan,Micra,deportivo,46659831-F
2946 NDG,KNAPMMJLVS4DLCBKH,2025,Kia,Rio,urbanos,46659831-F
5373 CKB,KNA8FKJ6T3E13XEJB,2003,Kia,Sportage,SUV,46659831-F
CR-9847-QS,WF0R1LXW0TYGPE12T,1996,Ford,Fiesta,urbanos,72914950-M
1602 NDG,ZFAU9BDA0S7JAY3D2,2025,Fiat,500,descapotable,72914950-M
BU-2706-GG,VF7WSS8KVXHLPAW7U,1999,Citroën,Berlingo,todoterreno,11322003-T
5482 MKD,WVWUW265TPPNYMHVS,2023,Volkswagen,Tiguan,SUV,11322003-T
1294 MFG,WBA3Y86RPP9FNSR7U,2023,BMW,Serie 3,berlina,11322003-T
8679 HKL,W0LE2T1RBC42UEKSY,2012,Opel,Corsa,urbanos,22544570-Q
8573 KLN,VF15S6XA9J3WVUBT7,2018,Renault,Kadjar,SUV,22544570-Q
9703 CLV,KNA3RSSRB3K989YKE,2003,Kia,Rio,urbanos,83883993-A
AV-6040-RJ,YV1PVNRA9SV3KVEZT,1995,Volvo,V40,compacto,83883993-A
5982 NFR,SJNBGTGLMSY91BJZU,2025,Nissan,X-Trail,todoterreno,83883993-A
SE-4976-RE,WBAU8JGADV25Z59NU,1997,BMW,Serie 3,cupé,78977252-J
5068 KFW,WAUR9G62PHL11S4FJ,2017,Audi,A3,compacto,78977252-J
7025 BBJ,WVWP73UVBYZF28DY8,2000,Volkswagen,Passat,sedán,46075392-K
8843 FYY,VF1CBJ0U97D6LPJSR,2007,Renault,Laguna,berlina,46075392-K
8779 GFC,VF7LYDZX98A84V7WJ,2008,Citroën,Berlingo,monovolumen,77630840-K
7415 GNY,KNAG1J2J79DA82V5A,2009,Kia,Rio,urbanos,77630840-K
1424 DNP,WF0YM6MLG54YBCH8V,2005,Ford,Focus,deportivo,77630840-K
9211 MWD,ZFA5YP1P9RFNNTKRK,2024,Fiat,Tipo,compacto,75094542-W
SO-8613-EQ,YV1X5YDECWKEDDGWM,1998,Volvo,V40,compacto,84740297-V
6917 LTP,VF3DHTJ27MYW6D9W9,2021,Peugeot,308,compacto,84740297-V
2902 CLD,VF72PF05A3REL3T9Z,2003,Citroën,C3,urbanos,84740297-V
9307 CRV,JMBYK788A482AB3CD,2004,Mitsubishi,Outlander,todoterreno,84463642-Y
5679 CLD,WDBMDNKDF3S4JWBMM,2003,Mercedes-Benz,Clase C,descapotable,84463642-Y
4313 JLN,WAUCTBRUEG0NWJEPA,2016,Audi,Q3,SUV,84463642-Y
1016 CWR,WVW6DL1FE4XWX8GY3,2004,Volkswagen,Passat,berlina,83872377-W
BA-7505-VI,VSSGWEGVGMNTZGLLD,1991,SEAT,Toledo,berlina,58747707-A
1406 LGH,VF7780L4ALC8RBXTW,2020,Citroën,C5 Aircross,SUV,58747707-A
4339 GFC,WF0B4KDAL8V90S1XE,2008,Ford,Mondeo,berlina,20052608-N
2022 BSL,SJN634G0Z2GG10HGX,2002,Nissan,X-Trail,SUV,20052608-N
TF-1136-GN,TMBUCJR4WWALUZDXF,1998,Skoda,Octavia,berlina,97472656-J
6930 JMY,YV1AXVRXZGR2LAPU9,2016,Volvo,V40,compacto,97472656-J
5410 KKR,TMBM8X9R8JN15NX18,2018,Skoda,Karoq,SUV,87917914-T
6262 DVB,WBARWGAXX5JHJVSBH,2005,BMW,X3,SUV,87917914-T
6969 JFX,UU1CZXCN8F0MUH3DG,2015,Dacia,Sandero,urbanos,87917914-T
NA-9725-UR,WF0GWT85JNPHCFLLY,1992,Ford,Fiesta,deportivo,85718019-D
7518 GNF,SJNL8D2DL9C01830R,2009,Nissan,X-Trail,todoterreno,85718019-D
3114 MZS,WVWW4FLNLSRHVL42E,2025,Volkswagen,Polo,urbanos,15332604-E
1230 CGJ,VSSJWZG0Y3LCBDCJ6,2003,SEAT,Ibiza,urbanos,30840285-E
6582 KFC,WDB48P807HT9H28PH,2017,Mercedes-Benz,GLC,SUV,30840285-E
HU-6500-YK,VF1334PJZXR90BMWY,1999,Renault,Mégane,berlina,36367105-B
5400 LSG,VSSE6DYCNM4LA81TN,2021,SEAT,Ibiza,urbanos,36367105-B
7301 BDR,VSSZJPJYMYEB8LH44,2000,SEAT,Ibiza,urbanos,36367105-B
9500 KNK,TMAFZ0CZ4J2113C9X,2018,Hyundai,i20,urbanos,60645506-A
3186 GFC,TMADUYF7W89Y14TUM,2008,Hyundai,i30,deportivo,79233046-R
SG-7783-FV,SB1L5SLF9NHGLBGFK,1992,Toyota,Corolla,compacto,42212051-J
7659 JHJ,ZFAF4ME6EFZF5FWHB,2015,Fiat,Tipo,berlina,42212051-J
6671 CYY,YV1PWBM124CP7ZSN4,2004,Volvo,V40,compacto,42212051-J
7332 HSK,VF106TEBEDK703MTW,2013,Renault,Clio,urbanos,35564782-C
8717 MLH,VSS700JP9PKW417F7,2023,SEAT,Ibiza,deportivo,35564782-C
5169 JPK,VF3TNXC2UGF9XFUNL,2016,Peugeot,3008,SUV,35564782-C
3357 JMY,WF0AUN3B2GUGJ7KTT,2016,Ford,Fiesta,deportivo,15388987-D
5944 LXD,ZFAXVB97RNF1J8487,2022,Fiat,Panda,urbanos,17919009-P
2718 HSZ,WBA1FYDL9DPCBZG8V,2013,BMW,Serie 3,descapotable,17919009-P
S-7568-SN,VF1BXBXFMX1A2S01L,1999,Renault,Clio,urbanos,63419883-M
BA-7213-TK,SB19MRDNMNC2XWESN,1992,Toyota,Corolla,compacto,63419883-M
3738 MJR,W0L9RKBN3P873K19D,2023,Opel,Astra,compacto,63419883-M
6065 KDK,JMBTHAZ1EHKRU6T8A,2017,Mitsubishi,Outlander,todoterreno,57651682-C
5867 BCD,VF77L9JGSYT8XRXEU,2000,Citroën,Berlingo,todoterreno,57651682-C
3044 HZL,W0LGKUC5RE7HLTC6C,2014,Opel,Astra,deportivo,33761321-N
3116 HCB,WF04UNFCNB03UA26R,2011,Ford,Focus,compacto,93095400-W
5489 GZJ,KNAY1N3VLAEZC0VLC,2010,Kia,Sportage,SUV,30996280-P
4694 BXP,TMB0RPH7B2ZAHX1KJ,2002,Skoda,Fabia,urbanos,30996280-P
9481 DGX,WF0W65WZ65YUU0TX8,2005,Ford,Mondeo,sedán,41497662-G
3357 KTJ,ZFAZF1J3RKB73HDR9,2019,Fiat,Panda,urbanos,41497662-G
1548 HDR,YV1AR1FXFBZDKDWX0,2011,Volvo,XC60,SUV,35746656-X
7034 BBJ,WDB5M784KYFN0LU6Z,2000,Mercedes-Benz,Clase A,deportivo,35746656-X
2257 BRB,VF11Z78081NEPTUA7,2001,Renault,Laguna,sedán,35746656-X
2875 CWR,SB1LYGWX64SFWE85R,2004,Toyota,Yaris,urbanos,18231341-T
TE-5452-EA,ZFAEHW83XT9AYTJZA,1996,Fiat,Panda,urbanos,18231341-T
A-5455-AO,WDB3LPMFFR4N4P9MG,1994,Mercedes-Benz,Clase C,cupé,18231341-T
2656 JZP,JMZKBUHYTHMY1V30M,2017,Mazda,Mazda 3,deportivo,86500243-A
5020 HNC,TMBHH4R14CXL7C8DC,2012,Skoda,Fabia,urbanos,86500243-A
5624 KSS,JMB595NS6JGKTFJEP,2018,Mitsubishi,Outlander,todoterreno,86500243-A
CC-7200-VD,WDB50ACM4XPCCLFS7,1999,Mercedes-Benz,Clase C,berlina,73344600-S
3772 HBG,SB1395JDLAGKN3D00,2010,Toyota,RAV4,SUV,73344600-S
3187 JFX,SB15BH4N5F7T7SD3A,2015,Toyota,Auris,sedán,73344600-S
3891 HFF,TMA1D4BW7BBDEED78,2011,Hyundai,i30,compacto,96844322-Q
8146 CYY,WDB4SZHNR4PNPACY0,2004,Mercedes-Benz,Clase C,deportivo,96844322-Q
6857 CPF,WVWPXC6UP3V9GL77N,2003,Volkswagen,Polo,urbanos,92460579-G
3874 BGF,KNAYX25071ENAUGWD,2001,Kia,Sportage,SUV,99942645-D
3729 BCY,VF1JX3PHAYT32X7GD,2000,Renault,Mégane,berlina,70492695-H
TO-3930-ZP,WBA2LGK99L54HF7SW,1990,BMW,Serie 3,descapotable,70492695-H
3576 HCB,JMBXA30WBBXRXPGXV,2011,Mitsubishi,Outlander,todoterreno,70492695-H
8797 BJC,ZFAU0N0E81UGCTNUF,2001,Fiat,Panda,urbanos,22123618-X
4176 JYT,KNAXXEXZFH0XD25B4,2017,Kia,Ceed,deportivo,22123618-X
3550 GKS,VF7A39EKD9JFZLYDZ,2009,Citroën,C4,compacto,12005302-S
4456 BCY,SB139TGPGYADHE8TH,2000,Toyota,RAV4,SUV,12005302-S
3913 HSK,SB1VZTN8SD4VMVRPG,2013,Toyota,Yaris,urbanos,12005302-S
VI-4367-GE,ZFAWDC7K7W5G5AHPH,1998,Fiat,Panda,urbanos,80809054-A
AB-1764-FQ,VSSGC9NRJWTYM1M0T,1998,SEAT,Ibiza,urbanos,80809054-A
8458 GZT,WVW21ZPMCAXBBK2WK,2010,Volkswagen,Tiguan,SUV,80809054-A
9307 LKV,VF3JJRP35L69YHUF0,2020,Peugeot,208,deportivo,83522199-E
M-9995-PD,SJN1XXR1MTGDVHPNB,1996,Nissan,Micra,urbanos,83522199-E
2577 CWR,VF7DNB0GF4KS1T7WC,2004,Citroën,C4,deportivo,71636561-W
7262 FLV,WF0419LSM785X7W52,2007,Ford,Focus,compacto,47741629-T
GU-3714-KD,VF1F244MZSAGB0URX,1995,Renault,Mégane,compacto,47741629-T
1590 CYY,WF0FWNLZM4MY967DU,2004,Ford,Focus,berlina,70058092-T
1998 HFF,JMBS4JVZDBMLJX500,2011,Mitsubishi,ASX,SUV,70058092-T
SE-7910-PS,SB13WX8GEVTRF6A9Z,1997,Toyota,RAV4,todoterreno,70058092-T
LO-2590-QK,WBARBNADGLMS59DDF,1990,BMW,Serie 3,deportivo,72886425-T
5829 JXF,WAUEBTT2AHXRJ8SGK,2017,Audi,Q5,SUV,70495228-K
8341 MFZ,W0L8GLRZUP46XF8VY,2023,Opel,Corsa,deportivo,70495228-K
2752 HCB,SJNRUL0AFBRG3HL2A,2011,Nissan,X-Trail,SUV,86335339-D
8889 DMJ,YV1A8GVH45GYXYAZW,2005,Volvo,XC90,todoterreno,86335339-D
O-8142-TO,VF1K23XK3TXCDZR0R,1996,Renault,Clio,deportivo,86335339-D
2450 GTC,JMBJCTWAHAJLPV37C,2010,Mitsubishi,Outlander,SUV,97064802-H
9143 LZZ,KNAJH1HZ4N9FZ0XDB,2022,Kia,Sportage,SUV,97064802-H
1839 KZK,VSSN5HDCVKFVBEJRW,2019,SEAT,Arona,SUV,97064802-H
1664 BCY,W0L7FGM6FYT6K8XRN,2000,Opel,Astra,compacto,29122520-N
6886 HGX,SJNC337JHBJP3LXXZ,2011,Nissan,Qashqai,SUV,29122520-N
Z-6598-AL,SB1TR7YJ4X9GUT8ZE,1999,Toyota,RAV4,SUV,29122520-N
6537 GPJ,WBAXAHCCM9S96HNK1,2009,BMW,X1,SUV,96369276-N
6239 KRJ,WBA1L04BWJYPXNH3G,2018,BMW,Serie 3,cupé,96369276-N
9393 HZL,JMZ1YJLELED0VTCVW,2014,Mazda,CX-5,SUV,96369276-N
L-3324-HP,WVWY7N5RNN0BFH5BC,1992,Volkswagen,Polo,deportivo,69063343-R
7409 DTB,TMAZTU1GE5C7DAKD1,2005,Hyundai,Tucson,SUV,78720902-K
GC-2953-TX,W0LTCT954TU23ZHYP,1996,Opel,Astra,deportivo,78720902-K
5052 NFC,VF7JVB8B7SNXWWFZV,2025,Citroën,C4,deportivo,16203769-Q
SS-8930-JX,WVWW0FCRCN41BZUXA,1992,Volkswagen,Passat,sedán,15696289-P
3735 LZP,SJNRGTJAPNYPFWNLL,2022,Nissan,X-Trail,SUV,15696289-P
7437 LHG,SB157CLT2L2YF13P7,2020,Toyota,Yaris,urbanos,86904045-V
5288 MYF,ZFAU7K34KSJLX1JDT,2025,Fiat,Panda,urbanos,86904045-V
3282 CMM,TMBHFXUN535NUGCM7,2003,Skoda,Fabia,urbanos,86904045-V
9419 MYF,VF1XDY31YSHDNZN17,2025,Renault,Clio,deportivo,16054867-Q
5969 HPY,ZFA3HVVF0D46JHFZS,2013,Fiat,Panda,urbanos,78558945-F
6972 KKR,SJNYCANCJJDJ6TLAS,2018,Nissan,Qashqai,SUV,45024891-E
7288 DNP,WAUREX4S75XNTX57R,2005,Audi,A3,compacto,45024891-E
CC-2325-FX,WVW4Y27MYPF544DHF,1993,Volkswagen,Golf,descapotable,42934675-T
9800 MTK,VF1CXLJP5RKHPH9E7,2024,Renault,Clio,deportivo,42934675-T
9352 MXP,KNAG3MWVHRKYSJTMM,2024,Kia,Sportage,SUV,65535734-V
Z-9155-NI,VSSD1G1FXS07M4EF7,1995,SEAT,Toledo,berlina,65535734-V
GU-6488-ZQ,KNABWDXNPS3KJYN6K,1995,Kia,Sportage,SUV,95150213-H
GC-6797-OQ,VF1TRJR04T569DK91,1996,Renault,Clio,urbanos,95150213-H
ML-2531-IM,VF73FFPYAXDP56DRH,1999,Citroën,Berlingo,monovolumen,95150213-H
5198 DLD,WVW3YBXBM5T693TKT,2005,Volkswagen,Polo,deportivo,62156461-L
9120 GBN,YV15SFEKD8APB5XH6,2008,Volvo,V40,compacto,99507199-E
5346 BRB,WVWH5K7841R2KRHCZ,2001,Volkswagen,Polo,urbanos,99507199-E
3568 HKB,SB1S7P5U7C0HUZ4KJ,2012,Toyota,RAV4,SUV,32648271-R
4359 LCY,ZFA05ZLHEKG444R6D,2019,Fiat,500,deportivo,32648271-R
9585 MJB,W0L5K8G9MPWWBXE4C,2023,Opel,Corsa,urbanos,78510687-A
C-1779-EV,VF11771Y4NSFB65WP,1992,Renault,Clio,deportivo,78510687-A
2340 FDP,WBAJVMYJN6SZXDTHB,2006,BMW,X3,SUV,78510687-A
4389 HWM,UU1BX2C51EDAZ9RTJ,2014,Dacia,Sandero,urbanos,33109482-Q
9368 KHG,ZFADAD2DFJB2CSCGP,2018,Fiat,Tipo,compacto,33109482-Q
1887 FRC,YV16GKWPK7V63EPFE,2007,Volvo,XC90,SUV,33109482-Q
3090 MNT,WAU68DYS2RRVMGH06,2024,Audi,A3,deportivo,95796646-J
3873 MKD,VF14S28CRP89WF9EZ,2023,Renault,Clio,urbanos,95796646-J
1015 HSK,VF1P74N0MDB9STT25,2013,Renault,Laguna,sedán,95796646-J
3916 LMC,UU10D0E6UL5GRLL09,2020,Dacia,Lodgy,monovolumen,14879544-Q
7678 FBC,YV14KHDN8618S18S4,2006,Volvo,XC90,SUV,14879544-Q
3233 GGV,SB1G4URU8895RHZR4,2008,Toyota,Auris,sedán,14879544-Q
GR-5120-LB,SB1ZMZMZSWSA16LF1,1998,Toyota,RAV4,SUV,41784388-N
2281 MDF,UU1VZHU4FNKHBAP0V,2022,Dacia,Duster,SUV,85441906-B
AV-1927-HF,WVWCVA23MTJHYTWEC,1996,Volkswagen,Polo,deportivo,85441906-B
4002 CKB,YV10DT4353EXECPMM,2003,Volvo,XC90,SUV,99414972-W
SE-1778-EG,SB19A6GLRSPTSVZMW,1995,Toyota,RAV4,SUV,99414972-W
HU-6894-WT,VSSBML62ERW2JPL1A,1994,SEAT,Ibiza,urbanos,99414972-W
8643 HPY,TMA75SP6XDJ3MHZVW,2013,Hyundai,Tucson,SUV,63357919-A
8913 MKD,SB1LRAT5WPRLKK9MR,2023,Toyota,RAV4,SUV,71269071-Y
5529 LGH,YV1JZFN6HLXKG1ZDF,2020,Volvo,XC90,todoterreno,71269071-Y
A-8293-CG,YV19NWEPVS2556BGA,1995,Volvo,V40,compacto,71269071-Y
2203 GGV,TMB0FUBWV8BVTK2UC,2008,Skoda,Fabia,urbanos,36685132-V
GI-9559-DL,KNAF0PGR6SWP3WC35,1995,Kia,Sportage,SUV,36685132-V
VA-8292-ZK,WBA4M3ML2WFTS01B1,1998,BMW,Serie 3,deportivo,33747653-Y
4191 BGF,KNAGU699F13JKFG76,2001,Kia,Rio,urbanos,33747653-Y
4622 JVH,TMASW0B7JGN7W5ZHR,2016,Hyundai,i10,urbanos,33747653-Y
NA-3344-MU,WVW9E8RKPX9DWADMT,1999,Volkswagen,Passat,berlina,97988272-S
6916 CRC,W0LAS9J053PWYWFH0,2003,Opel,Corsa,urbanos,97988272-S
8420 GGV,VF1P3NN6Y8CRCJB1C,2008,Renault,Mégane,deportivo,42378693-C
5066 JKZ,VF7XD3N87FUPB5Y54,2015,Citroën,C4,deportivo,42378693-C
8046 LKF,VF75WFP15L9H85UJW,2020,Citroën,C5 Aircross,SUV,42378693-C
ZA-1855-SZ,ZFA5GVFNUMH1R0UGD,1991,Fiat,Panda,urbanos,72227558-Z
9771 KPS,VF1WZNM7FJK6T39L5,2018,Renault,Mégane,berlina,72227558-Z
2996 HKX,WBAVTGGECC924VTBJ,2012,BMW,X1,SUV,72227558-Z
LU-5330-CB,WF0E60M9YTK0LHF2Z,1996,Ford,Mondeo,berlina,74929417-V
AV-7930-VV,ZFAKMZ9JVS1UK1U02,1995,Fiat,Panda,urbanos,35946660-Y
2457 DKB,WF06N8LZD578UWBK6,2005,Ford,Focus,deportivo,14795092-C
1208 BPG,WVW2CR1DX1ZJ08LU6,2001,Volkswagen,Polo,urbanos,45977366-K
5177 JRG,VSSWMRYJZGRJ1V4V8,2016,SEAT,León,compacto,45977366-K
6637 GJV,TMBZ8A0F38AJW428F,2008,Skoda,Octavia,compacto,45977366-K
AB-6783-DC,WVW87GPYZST34U4FU,1995,Volkswagen,Polo,deportivo,82963668-T
7557 LRP,SB1502CRYM3K4GERP,2021,Toyota,Corolla,sedán,82963668-T
6473 CXT,VF1SRNMR747MCSW3S,2004,Renault,Laguna,berlina,34180025-R
2545 NFR,TMBGXZ6XPS2YCE6PT,2025,Skoda,Karoq,SUV,34180025-R
M-6524-BW,YV1KL4XC9XFBSDT65,1999,Volvo,V40,compacto,40847802-D
7693 JCY,WDB4FD68YF6S28W4X,2015,Mercedes-Benz,GLA,SUV,40847802-D
2688 JYB,YV1E1NJTXH090B6JL,2017,Volvo,V40,compacto,40847802-D
2151 HHT,SJN1ATH07B0DKR4EY,2011,Nissan,Micra,urbanos,25891008-T
9555 KWT,UU1W1CKAKKPNF36K2,2019,Dacia,Duster,SUV,25891008-T
9379 GPJ,TMBUD685Y95BWWGG9,2009,Skoda,Octavia,berlina,52037160-M
3245 LYJ,WF0065B57NLUMS5K2,2022,Ford,Mondeo,sedán,52037160-M
4645 DSC,YV1G1F5X85G19MTLL,2005,Volvo,V40,compacto,51014235-M
1049 HSZ,JMBRVK5GADN9MTWT1,2013,Mitsubishi,ASX,SUV,36547311-N
3237 HSR,JMZCT43BPDD9E3XFY,2013,Mazda,CX-5,SUV,55867526-C
2651 LTP,VF7R0TSB5MYFJ1AXB,2021,Citroën,C3,urbanos,79693781-T
4890 KMM,VF71AMX2UJFSPUF8T,2018,Citroën,Berlingo,todoterreno,52546636-P
1642 MLY,KNAJVM782PTCBPXXC,2023,Kia,Rio,urbanos,66994683-F
3667 CZP,VF7G7BWJY4TZ530TL,2004,Citroën,Berlingo,monovolumen,66994683-F
9416 LHG,WVWD1BMV8LRDGED7A,2020,Volkswagen,Tiguan,SUV,66994683-F
2336 GGV,ZFAK6LCRP8942AVP2,2008,Fiat,Panda,urbanos,28831622-H
J-9933-WP,WVWP9EU51RY9JV1KD,1994,Volkswagen,Passat,sedán,97569221-R
7202 MNT,TMB23E47YRR1U00MC,2024,Skoda,Karoq,SUV,61504265-B
TE-8872-ET,SB13JJ8H8M63NTJ98,1991,Toyota,Corolla,compacto,61504265-B
CO-3844-AI,WVWH3PHJ9NHE6Z1TS,1992,Volkswagen,Polo,deportivo,85145822-Y
CO-1113-MQ,WVWDNYJ2TNDV53C74,1992,Volkswagen,Polo,urbanos,63385908-R
6239 MLY,YV1GXGUYLPE4ZU6PL,2023,Volvo,XC60,SUV,63385908-R
8755 MYF,TMADXUF1HSREPVM72,2025,Hyundai,i20,urbanos,40294179-L
3831 LML,WAUN12WBVMVJY84ZZ,2021,Audi,A4,berlina,40294179-L
5041 HYD,SJN1HD4FPE90G0EVH,2014,Nissan,Micra,deportivo,40294179-L
6143 GPJ,KNATUWGXH9ZAJD0U4,2009,Kia,Ceed,compacto,80875069-P
2323 BDR,WDBSAE5F8YBUFGUB5,2000,Mercedes-Benz,Clase A,compacto,95533204-J
1936 GZT,WBA5M9EPZANVNV7K3,2010,BMW,Serie 1,compacto,95533204-J
4584 CPF,VF7X13RNN32RH83SR,2003,Citroën,C3,urbanos,95533204-J
GI-5490-RS,SB1RAPK7KMLFAGJ7Z,1991,Toyota,Corolla,compacto,87112425-V
6156 HFT,WDBJDVTWFBSRKN90L,2011,Mercedes-Benz,Clase C,descapotable,87112425-V
2972 GNF,WF0LA8131956VK8AB,2009,Ford,Focus,deportivo,87112425-V
8984 GKH,WBAFWNEAA8JT2TPS4,2008,BMW,Serie 1,deportivo,64102262-C
1239 MBN,UU1CBTWPVN4ST1RC1,2022,Dacia,Duster,SUV,64102262-C
3644 DGX,WF0HJ4U085M4Y79S5,2005,Ford,Mondeo,sedán,52782649-H
8420 CYY,VF7LKVG87455FURH0,2004,Citroën,C3,urbanos,76494366-T
2494 MLY,YV1453L5PPLXHXKXJ,2023,Volvo,XC60,SUV,57032276-G
VI-3440-CY,VSS1DNTLGNK6VVY6E,1992,SEAT,Toledo,sedán,76480680-E
6535 DSC,KNA69Y38R5HMG3J65,2005,Kia,Rio,urbanos,76480680-E
2714 KSS,SB12RDGU6J9LCKKV7,2018,Toyota,Auris,sedán,83887137-L
1191 HJM,VF3J91H31C64KRB90,2012,Peugeot,3008,SUV,83887137-L
4286 FSJ,VSS76PX6J7HKRA6UT,2007,SEAT,León,berlina,83887137-L
6830 DYY,W0LAZGNRY6K8XLGRU,2006,Opel,Astra,compacto,91107022-C
B-8258-CG,SJNBLXB8CMEM1URHD,1991,Nissan,Micra,urbanos,91107022-C
7369 KCV,W0LAW9HL9HZ5HD5FR,2017,Opel,Corsa,urbanos,91107022-C
VA-5671-HM,WVW0Y0MYLMKVYD76E,1991,Volkswagen,Golf,descapotable,66268739-N
5158 LSG,UU1N9BN0CM7M0UNP8,2021,Dacia,Sandero,urbanos,66268739-N
5740 HKX,VSSGS4T9PCG71LRAJ,2012,SEAT,Toledo,sedán,66268739-N
NA-7291-PQ,VF1CPF76YREZ599LW,1994,Renault,Clio,deportivo,30817376-K
J-6410-TI,SB11MLTV4SRA2FJBV,1995,Toyota,RAV4,todoterreno,83021455-B
GC-4073-ZL,ZFA3511GHN640DFYR,1992,Fiat,Panda,urbanos,83021455-B
Z-5599-CE,WBAKC0MK7TF927094,1996,BMW,Serie 3,descapotable,62500169-S
3680 NDG,YV1UEJXUYSREJK7DX,2025,Volvo,XC90,SUV,62500169-S
5115 GHT,KNAE8BHDS8Y08F2RX,2008,Kia,Ceed,deportivo,62500169-S
7663 GNY,YV175VTTB9Y7P6APA,2009,Volvo,XC60,SUV,55312681-G
8744 MHG,WBAYYU2DVPMSKULLB,2023,BMW,Serie 1,compacto,49285991-G
3327 FDP,TMB0DZ5Y66TRZ0WCV,2006,Skoda,Octavia,compacto,49285991-G
SE-7896-DP,WAUTAEP28WVVYB3WB,1998,Audi,A4,berlina,82094979-K
2491 FVJ,KNA1XNXP87T8WP2R9,2007,Kia,Rio,urbanos,39564922-T
4038 GWV,W0LL0X5PNAN01BG5F,2010,Opel,Astra,compacto,39564922-T
SA-6834-PM,SB1C2Z8Y9X1PWXYL8,1999,Toyota,Yaris,urbanos,17801800-F
6031 LSR,WDBXVNDTGMU7TUV6C,2021,Mercedes-Benz,Clase C,deportivo,20598851-M
AV-3833-UL,SB1E9BLY9LD6EEPGR,1990,Toyota,Corolla,sedán,20598851-M
MA-6163-UV,VF1ZBAFC4XLXJGAK4,1999,Renault,Clio,urbanos,74846779-H
1573 KRZ,UU1DS7DV3JRJ6H206,2018,Dacia,Sandero,urbanos,37334354-H
3023 HWM,WBAMZ2314ESLD5ZW6,2014,BMW,Serie 3,descapotable,37334354-H
9717 FCJ,WAU54UVNL6EJNVBPC,2006,Audi,A3,descapotable,60776494-Y
1986 BWT,JMZFBUDSK2AVA46M6,2002,Mazda,Mazda 2,urbanos,49104267-A
7951 LCG,TMBY9MS2YKC7Z7GSH,2019,Skoda,Octavia,berlina,49104267-A
8401 MWD,YV146PXJLR50BDSED,2024,Volvo,XC90,SUV,18203890-B
9637 JSL,VSS1BMBN6GBAW3LKV,2016,SEAT,Toledo,berlina,23548879-F
3946 HFF,JMBR4BMGJBU4KMKBB,2011,Mitsubishi,ASX,SUV,23548879-F
9162 LDR,VF1972DXEK67XU7Y2,2019,Renault,Clio,urbanos,82424036-V
8894 MNC,WAUP4VLYDRYX2DGNJ,2024,Audi,A1,urbanos,82424036-V
TE-3846-KW,VF1XLZ7DVNBEMFVHD,1992,Renault,Clio,deportivo,82424036-V
3655 MWD,WAU3T283ER5ZNBKAE,2024,Audi,Q3,SUV,60669911-M
3436 FXB,TMB849D6Z7S4JWP57,2007,Skoda,Octavia,berlina,60669911-M
5530 GCK,VF78TTP628PATMDZA,2008,Citroën,Berlingo,monovolumen,42685741-H
7928 MYF,VF72BG3MESV3Z21VP,2025,Citroën,C5 Aircross,SUV,56460279-V
4633 BKB,W0L1H1NHZ1D2M1CLB,2001,Opel,Astra,deportivo,56460279-V
6873 MJR,SB13XMPX0PM90TKJU,2023,Toyota,Yaris,urbanos,56460279-V
5283 BTZ,WDBTWYSW6258KHGJB,2002,Mercedes-Benz,Clase C,berlina,93197712-X
3708 LNN,WF06MN4A6MPMW36CV,2021,Ford,Kuga,SUV,93197712-X
GC-5930-RL,ZFAFNXBXTT5S6GL54,1996,Fiat,Panda,urbanos,93197712-X
3515 HYT,W0LC62D7BES0BJZB8,2014,Opel,Corsa,deportivo,17345484-B
6761 MDF,SJNGVLF5AN8UBKMF3,2022,Nissan,Micra,deportivo,17345484-B
8773 MKD,SB1MHBBHWPF061RHP,2023,Toyota,Corolla,compacto,17345484-B
4376 BBJ,WVWG56ZKXYPBEV0D4,2000,Volkswagen,Passat,sedán,41766311-J
9344 KTJ,W0LZR7UUNK3E5SR93,2019,Opel,Mokka,SUV,41766311-J
1979 FNB,WVWAVH0Z87B4XPP1J,2007,Volkswagen,Passat,sedán,56286777-G
HU-5394-YP,WBAU9FFLBRWTC9WBE,1994,BMW,Serie 3,deportivo,56286777-G
V-5483-FD,WAU3A8NNDT96M9XDC,1996,Audi,A4,sedán,89771351-M
8157 GFY,TMA41U6V98D6VGZ5K,2008,Hyundai,i10,urbanos,89771351-M
9788 JRZ,JMBWMMS6TG85SPFFA,2016,Mitsubishi,Outlander,todoterreno,40666963-L
1215 GXP,YV1HWLFCBA5CLDMKM,2010,Volvo,V40,compacto,44491169-S
2808 GCK,WAU3TG1UW8URX40FK,2008,Audi,A3,descapotable,44491169-S
2307 GJV,VF73WGDGW8DB1F8FC,2008,Citroën,C4,deportivo,44491169-S
2710 LZP,JMB43PU4NNXXSLLLF,2022,Mitsubishi,Eclipse Cross,deportivo,64633998-L
9003 GNY,WBALN35VT9BP567DV,2009,BMW,Serie 1,deportivo,64633998-L
9119 JTR,ZFAW64TKDGU5MGC0R,2016,Fiat,Tipo,berlina,64633998-L
8587 LYJ,KNA2V88F4NG78DC2S,2022,Kia,Ceed,compacto,42661591-H
GI-4603-GD,SB17XGU4SPR7R9C2A,1993,Toyota,Corolla,sedán,48405083-L
J-5994-YV,SJNT3CNMNLU5X1JZR,1990,Nissan,Micra,deportivo,48405083-L
5999 JPK,VF3Y88ZJSGL7F7HDX,2016,Peugeot,308,deportivo,86883432-N
H-1489-KX,WF0WUDLYHPYWD6FPS,1993,Ford,Fiesta,deportivo,70753279-N
TE-6999-RE,WVWPWN6EET0AASXYK,1996,Volkswagen,Polo,deportivo,70753279-N
8758 JDR,UU1A2EMU4F9EY7P4L,2015,Dacia,Duster,SUV,70753279-N
6963 LXD,SJNBANR1NN3TKS25W,2022,Nissan,Qashqai,SUV,48394311-B
5797 HSR,WVWCUSAAHDPWSBDZG,2013,Volkswagen,Tiguan,SUV,48394311-B
2523 LSG,JMZ7T514ZMPWHADBK,2021,Mazda,Mazda 3,compacto,48394311-B
6155 LWD,WVWSGYNL0NMPKS958,2022,Volkswagen,Tiguan,SUV,51467915-X
2697 FNZ,WVW41X51T76HLD2CS,2007,Volkswagen,Polo,deportivo,51467915-X
4210 BJC,TMBZCFCT51DGX4A41,2001,Skoda,Fabia,urbanos,51467915-X
NA-8191-AZ,WVWHBZGN4N0M0GN0Z,1992,Volkswagen,Passat,sedán,12153880-J
3493 BCY,VSSPCD486Y2S8Y1CP,2000,SEAT,Ibiza,deportivo,12153880-J
4832 DKB,KNAUVGBYL5RV01BZA,2005,Kia,Sportage,SUV,41804677-S
TE-8861-UD,VSS0E55CPP4Y2B155,1993,SEAT,Toledo,berlina,41804677-S
8513 KJV,W0L1Z18L1JE6U8ARS,2018,Opel,Insignia,berlina,41804677-S
8720 LYJ,VF35LHYHANX6W2FJE,2022,Peugeot,2008,SUV,49538092-W
9896 GLP,WVWG6ZB6X9YB761PM,2009,Volkswagen,Tiguan,SUV,49538092-W
1038 LLJ,TMA0J3V6ALEVT97UJ,2020,Hyundai,i30,deportivo,46760937-M
1947 LCY,WF045LLMRKH7ZVN1H,2019,Ford,Mondeo,sedán,32651685-B
AL-1217-GV,SB1RRS0B8WRETKLH8,1998,Toyota,RAV4,SUV,32651685-B
8545 FZR,WF0YZKUNH8WWYL6CN,2008,Ford,Focus,deportivo,32651685-B
8094 BZF,WDBBFGXSS28ET7JBS,2002,Mercedes-Benz,Clase A,compacto,32111149-K
3321 DDG,WF034X1RU4SM58YJL,2004,Ford,Mondeo,sedán,72433497-B
4723 MTK,WAUZGHV38RF13J1S0,2024,Audi,Q3,SUV,25002666-X
J-6226-NJ,SJN4RPWMPPZF5CZAB,1993,Nissan,Micra,deportivo,61926245-X
2395 BZV,SB11XDEV822G2NZ4U,2002,Toyota,Yaris,urbanos,73044052-P
9830 LSR,TMBUN85BDM82790VH,2021,Skoda,Octavia,berlina,73044052-P
6459 KFW,WF08VNZU2HG7PB8LX,2017,Ford,Fiesta,deportivo,73044052-P
6878 LTP,VF3EGLA5AMF9285SX,2021,Peugeot,308,compacto,59610399-B
1057 NFC,SB118DET1SH8P0A92,2025,Toyota,Corolla,compacto,95109884-P
GC-4039-SX,WAU4DUP36VXCJSXU0,1997,Audi,A4,sedán,95109884-P
GI-1366-DP,W0L0NUZ2VMVV5RFS6,1991,Opel,Astra,deportivo,95109884-P
LU-7223-TP,W0LK3CUN7T23NJ5JZ,1996,Opel,Astra,compacto,16863429-J
J-3321-MM,SJN8G58P2P9ZMXZAG,1993,Nissan,Micra,deportivo,16863429-J
6017 BBJ,KNAAGMW5DYEN65R9C,2000,Kia,Rio,urbanos,78341502-Y
1187 CDV,SJN6TAWAH352PF7AD,2003,Nissan,X-Trail,SUV,46473144-B
1823 HGC,VF7NLZ5CCBPWH3EME,2011,Citroën,Berlingo,monovolumen,46473144-B
H-1954-MA,SJN1WG1XRSV5FXR22,1995,Nissan,Micra,urbanos,46473144-B
6759 HPC,ZFA3DF8GVDWL1088C,2013,Fiat,Panda,urbanos,33817708-A
O-3004-ZU,VSSJUD1HKXXTKEC7Z,1999,SEAT,León,deportivo,71281876-T
3077 FCJ,WDB0GPELJ6R6BUNCX,2006,Mercedes-Benz,Clase C,descapotable,71281876-T
CS-2802-IQ,KNAHVP0U7XDLNATHK,1999,Kia,Sportage,SUV,71281876-T
2200 HLW,VF3SS7LYUC1ENBWH8,2012,Peugeot,5008,SUV,77209905-D
5135 GHG,VF7UBKSL68YTLG0NC,2008,Citroën,Berlingo,todoterreno,82778942-X
2813 JYB,WAUAKA0C2HMRVT8K1,2017,Audi,A1,urbanos,82778942-X
6405 GZJ,VF3LLNWCKAJ7HK59N,2010,Peugeot,5008,SUV,83539674-V
8489 GHT,JMZRBYLJ789F6FSK8,2008,Mazda,Mazda 2,urbanos,16471426-E
6542 CVR,SJNSA35H14EBB1190,2004,Nissan,Micra,deportivo,16471426-E
6380 NBL,TMAPG6RBXSHF50G63,2025,Hyundai,i20,urbanos,16471426-E
PO-4406-NY,SJN9ZVMY7P4ZN9AAE,1993,Nissan,Micra,urbanos,60711568-D
5341 HHT,VF7AR262WBZV7WTMV,2011,Citroën,C3,urbanos,99930252-J
1020 JVZ,WF0X6HL6KGCRJCW4Y,2016,Ford,Kuga,todoterreno,99930252-J
3189 JBL,WF0K0BL2CEHL60K9A,2014,Ford,Kuga,todoterreno,99930252-J
7025 HZZ,ZFANTWVBCECAV67XB,2014,Fiat,Panda,urbanos,82839608-W
4780 GKH,VF7G22E3N8B61RAYB,2008,Citroën,C4,compacto,82839608-W
3371 GHG,VSSXUKU3M8TZ5H43F,2008,SEAT,León,deportivo,58477882-Z
6510 MTK,WAUU4Y4Y8RW59HJLZ,2024,Audi,A4,berlina,52508608-E
5189 LZP,WBA95TKC8NS6D2XP3,2022,BMW,X3,SUV,52508608-E
AL-6889-SH,WF0PPMUFBRF451465,1994,Ford,Fiesta,deportivo,51548763-J
5196 DHZ,VF7S98WYS5R6ACR8M,2005,Citroën,Berlingo,monovolumen,51548763-J
3206 HZZ,JMB1SMXZFESB5KZ3R,2014,Mitsubishi,ASX,SUV,90107880-K
5286 GJJ,VF7SDM3DB8AW027WR,2008,Citroën,C4,compacto,90107880-K
7876 MCR,KNA3AF80FN3NY25UB,2022,Kia,Sportage,SUV,77480692-V
TE-8699-ZB,WF0KVFS92NSB31H7D,1992,Ford,Fiesta,urbanos,77480692-V
6819 HXN,W0LL6P78XE2AXW174,2014,Opel,Astra,compacto,42214288-L
7535 HTK,WF0NBAATYDCA6X2EV,2013,Ford,Focus,descapotable,42214288-L
6721 LBN,KNAE5NXAYKH3TNG1U,2019,Kia,Sportage,SUV,85499513-A
9597 KYN,SB17MEFACKCV7ME7U,2019,Toyota,RAV4,todoterreno,86926024-P
7300 DVW,VSS4K8L3Z6A2ZZ743,2006,SEAT,Ibiza,urbanos,86926024-P
CO-3288-TS,WVW8JN2CWPAF6MVFL,1993,Volkswagen,Golf,descapotable,86926024-P
6361 DGX,WDBJVUVEM5SYA6NP0,2005,Mercedes-Benz,Clase C,cupé,33862586-P
8748 BPG,ZFA37CXVM15WUA6JW,2001,Fiat,Panda,urbanos,33862586-P
A-8903-AN,WVWZNDG05M0N4JC51,1991,Volkswagen,Polo,urbanos,46060306-T
8517 LGG,W0LPE89PGL9EHNU33,2020,Opel,Insignia,berlina,46060306-T
P-6738-VK,W0L8CK5TNW1BHG42N,1998,Opel,Corsa,urbanos,83425746-P
4344 MMN,WVWZMFB2EPD0ANGW5,2023,Volkswagen,Passat,sedán,83425746-P
5431 BDR,VF1XSFTUTY9M69UAT,2000,Renault,Mégane,berlina,83425746-P
S-3282-GH,SB1B6JECRMRWTMMX1,1991,Toyota,Corolla,sedán,19523043-E
HU-7978-HN,WVWJNSX20LACMMGWX,1990,Volkswagen,Passat,sedán,93922106-L
Z-8565-IZ,WVWZAWMX9L801UKTN,1990,Volkswagen,Golf,descapotable,93922106-L
7437 MYW,UU1J388NHSJLVD70A,2025,Dacia,Sandero,urbanos,40888448-Z
3305 LKF,VSSXD75Z8LJXWJ4N3,2020,SEAT,Ibiza,deportivo,40888448-Z
6430 KZY,WBA6PCF90K167D42N,2019,BMW,Serie 1,deportivo,40888448-Z
4824 HCR,JMBM0VL6EB12H33LK,2011,Mitsubishi,ASX,SUV,60884218-K
1338 GNY,WBA02AAKL9HE0S5KC,2009,BMW,Serie 3,deportivo,60884218-K
ZA-3828-UI,WVW7CV49LS8X6Z0FY,1995,Volkswagen,Golf,deportivo,60884218-K
4997 BGF,WF0H332P51J8XF7CN,2001,Ford,Focus,compacto,19426332-A
6104 BPG,W0LKM6EJV1RZPTJFM,2001,Opel,Corsa,urbanos,19426332-A
8081 FCJ,JMZ38NC7G60M2KNB6,2006,Mazda,Mazda 3,deportivo,19426332-A
BU-3486-PO,WVW2C5C2HTY0XUXAH,1996,Volkswagen,Polo,urbanos,17102123-J
TE-4397-BK,WVWE5HCR2M0XCHAKL,1991,Volkswagen,Passat,sedán,89008389-E
6420 NCJ,VSSD6VYCJS97U8LLH,2025,SEAT,Ateca,SUV,89008389-E
5260 JZP,WBAJRU3VWHA1P2Z4D,2017,BMW,X3,SUV,89008389-E
CU-3740-GR,SJNGBEN29N5XXXPH5,1992,Nissan,Micra,urbanos,57913532-S
9882 CDC,YV168XTXZ215RFVJL,2002,Volvo,V40,compacto,57913532-S
9221 CFM,WF0D72K4C3GAZC9R0,2003,Ford,Mondeo,berlina,57913532-S
3128 LLJ,VF3UV29LTLL0N007F,2020,Peugeot,3008,SUV,51330392-G
4850 HCR,ZFAKXBDL6BWF8NV23,2011,Fiat,Panda,urbanos,18660575-P
M-2998-RZ,ZFAHCEXPMNGS853WE,1992,Fiat,Panda,urbanos,18660575-P
2263 DPK,SB12UR6VZ5G1UVA45,2005,Toyota,Yaris,urbanos,18660575-P
GC-8232-IF,W0LRA41CPVMFZ1SH9,1997,Opel,Corsa,urbanos,50068089-X
7693 KDK,WDB8K6LCVHA03R9Z5,2017,Mercedes-Benz,Clase A,compacto,71057501-J
9905 LGH,ZFA3M1SWPLXH4SDXH,2020,Fiat,500,deportivo,71057501-J
GU-2596-VJ,WVWVFHJRUTMR258YZ,1996,Volkswagen,Polo,deportivo,71057501-J
AL-6506-MW,SB1N498RVLYT7R30T,1990,Toyota,Corolla,sedán,53523513-Y
BA-6778-LW,SB1AVHL9XLXCJHURF,1990,Toyota,Corolla,sedán,53523513-Y
9623 BFJ,WF01M44SN1MHWD49X,2001,Ford,Mondeo,sedán,53523513-Y
4669 DPK,SB1BTVFGA5SU6FKXY,2005,Toyota,Yaris,urbanos,23440263-C
TF-5365-LV,ZFAR7J6BJMXYNNVCH,1991,Fiat,Panda,urbanos,78738081-L
